{
	"credit": "Made with Blockbench",
	"texture_size": [64, 64],
	"textures": {
		"0": "item/custom/backrooms_text",
		"particle": "item/custom/backrooms_text"
	},
	"elements": [
		{
			"from": [-11, -1, 10],
			"to": [27, 29, 10],
			"faces": {
				"north": {"uv": [0, 0, 9.5, 7.5], "texture": "#0"},
				"east": {"uv": [0, 0, 0, 7.5], "texture": "#0"},
				"south": {"uv": [0, 7.5, 9.5, 15], "texture": "#0"},
				"west": {"uv": [0, 0, 0, 7.5], "texture": "#0"},
				"up": {"uv": [9.5, 0, 0, 0], "texture": "#0"},
				"down": {"uv": [9.5, 0, 0, 0], "texture": "#0"}
			}
		}
	],
	"display": {
		"gui": {
			"rotation": [180, -3, 180],
			"translation": [0.75, -2.75, 0],
			"scale": [0.53, 0.53, 0.53]
		},
		"fixed": {
			"translation": [0, 0, -8.75],
			"scale": [4, 4, 4]
		}
	}
}