{
	"credit": "Made with Blockbench",
	"texture_size": [64, 64],
	"textures": {
		"1": "item/players/fletch",
		"particle": "item/players/fletch"
	},
	"elements": [
		{
			"name": "Head",
			"from": [4, 16, 4],
			"to": [12, 24, 12],
			"rotation": {"angle": 0, "axis": "y", "origin": [8, 9, 6]},
			"faces": {
				"north": {"uv": [2, 2, 4, 4], "texture": "#1"},
				"east": {"uv": [0, 2, 2, 4], "texture": "#1"},
				"south": {"uv": [6, 2, 8, 4], "texture": "#1"},
				"west": {"uv": [4, 2, 6, 4], "texture": "#1"},
				"up": {"uv": [4, 2, 2, 0], "texture": "#1"},
				"down": {"uv": [6, 0, 4, 2], "texture": "#1"}
			}
		},
		{
			"name": "Hat Layer",
			"from": [3.5, 15, 3.5],
			"to": [12.5, 24, 12.5],
			"rotation": {"angle": 0, "axis": "y", "origin": [8, 9, 6]},
			"faces": {
				"north": {"uv": [10, 2, 12, 4], "texture": "#1"},
				"east": {"uv": [8, 2, 10, 4], "texture": "#1"},
				"south": {"uv": [14, 2, 16, 4], "texture": "#1"},
				"west": {"uv": [12, 2, 14, 4], "texture": "#1"},
				"up": {"uv": [12, 2, 10, 0], "texture": "#1"},
				"down": {"uv": [14, 0, 12, 2], "texture": "#1"}
			}
		},
		{
			"name": "Body",
			"from": [4, 4, 6],
			"to": [12, 16, 10],
			"rotation": {"angle": 0, "axis": "y", "origin": [8, 9, 6]},
			"faces": {
				"north": {"uv": [5, 5, 7, 8], "texture": "#1"},
				"east": {"uv": [4, 5, 5, 8], "texture": "#1"},
				"south": {"uv": [8, 5, 10, 8], "texture": "#1"},
				"west": {"uv": [7, 5, 8, 8], "texture": "#1"},
				"up": {"uv": [7, 5, 5, 4], "texture": "#1"},
				"down": {"uv": [9, 4, 7, 5], "texture": "#1"}
			}
		},
		{
			"name": "Body Layer",
			"from": [3.75, 3.75, 5.75],
			"to": [12.25, 16.25, 10.25],
			"rotation": {"angle": 0, "axis": "y", "origin": [8, 9, 6]},
			"faces": {
				"north": {"uv": [5, 9, 7, 12], "texture": "#1"},
				"east": {"uv": [4, 9, 5, 12], "texture": "#1"},
				"south": {"uv": [8, 9, 10, 12], "texture": "#1"},
				"west": {"uv": [7, 9, 8, 12], "texture": "#1"},
				"up": {"uv": [7, 9, 5, 8], "texture": "#1"},
				"down": {"uv": [9, 8, 7, 9], "texture": "#1"}
			}
		},
		{
			"name": "Right Arm",
			"from": [12, 3.94975, 1.87868],
			"to": [15, 15.94975, 5.87868],
			"rotation": {"angle": 45, "axis": "x", "origin": [8, 9, 6]},
			"faces": {
				"north": {"uv": [11, 5, 11.75, 8], "texture": "#1"},
				"east": {"uv": [10, 5, 11, 8], "texture": "#1"},
				"south": {"uv": [12.75, 5, 13.5, 8], "texture": "#1"},
				"west": {"uv": [11.75, 5, 12.75, 8], "texture": "#1"},
				"up": {"uv": [11.75, 5, 11, 4], "texture": "#1"},
				"down": {"uv": [12.5, 4, 11.75, 5], "texture": "#1"}
			}
		},
		{
			"name": "Right Arm Layer",
			"from": [11.75, 3.6997, 1.6287],
			"to": [15.25, 16.1997, 6.1287],
			"rotation": {"angle": 45, "axis": "x", "origin": [8, 9, 6]},
			"faces": {
				"north": {"uv": [11, 9, 11.75, 12], "texture": "#1"},
				"east": {"uv": [10, 9, 11, 12], "texture": "#1"},
				"south": {"uv": [12.75, 9, 13.5, 12], "texture": "#1"},
				"west": {"uv": [11.75, 9, 12.75, 12], "texture": "#1"},
				"up": {"uv": [11.75, 9, 11, 8], "texture": "#1"},
				"down": {"uv": [12.5, 8, 11.75, 9], "texture": "#1"}
			}
		},
		{
			"name": "Left Arm",
			"from": [1, 3.94975, 1.87868],
			"to": [4, 15.94975, 5.87868],
			"rotation": {"angle": 45, "axis": "x", "origin": [8, 9, 6]},
			"faces": {
				"north": {"uv": [9, 13, 9.75, 16], "texture": "#1"},
				"east": {"uv": [8, 13, 9, 16], "texture": "#1"},
				"south": {"uv": [10.75, 13, 11.5, 16], "texture": "#1"},
				"west": {"uv": [9.75, 13, 10.75, 16], "texture": "#1"},
				"up": {"uv": [9.75, 13, 9, 12], "texture": "#1"},
				"down": {"uv": [10.5, 12, 9.75, 13], "texture": "#1"}
			}
		},
		{
			"name": "Left Arm Layer",
			"from": [0.75, 3.6997, 1.6287],
			"to": [4.25, 16.1997, 6.1287],
			"rotation": {"angle": 45, "axis": "x", "origin": [8, 9, 6]},
			"faces": {
				"north": {"uv": [13, 13, 13.75, 16], "texture": "#1"},
				"east": {"uv": [12, 13, 13, 16], "texture": "#1"},
				"south": {"uv": [14.75, 13, 15.5, 16], "texture": "#1"},
				"west": {"uv": [13.75, 13, 14.75, 16], "texture": "#1"},
				"up": {"uv": [13.75, 13, 13, 12], "texture": "#1"},
				"down": {"uv": [14.5, 12, 13.75, 13], "texture": "#1"}
			}
		},
		{
			"name": "Right Leg",
			"from": [7.9, 0, -2.95754],
			"to": [11.9, 4, 9.04246],
			"rotation": {"angle": -22.5, "axis": "y", "origin": [8, 9, 6]},
			"faces": {
				"north": {"uv": [3, 4, 2, 5], "rotation": 180, "texture": "#1"},
				"east": {"uv": [0, 5, 1, 8], "rotation": 270, "texture": "#1"},
				"south": {"uv": [2, 5, 1, 4], "texture": "#1"},
				"west": {"uv": [2, 5, 3, 8], "rotation": 90, "texture": "#1"},
				"up": {"uv": [1, 5, 2, 8], "rotation": 180, "texture": "#1"},
				"down": {"uv": [3, 5, 4, 8], "texture": "#1"}
			}
		},
		{
			"name": "Right Leg Layer",
			"from": [7.65, -0.25, -3.2075],
			"to": [12.15, 4.25, 9.2925],
			"rotation": {"angle": -22.5, "axis": "y", "origin": [8, 9, 6]},
			"faces": {
				"north": {"uv": [1, 9, 2, 12], "texture": "#1"},
				"east": {"uv": [0, 9, 1, 12], "texture": "#1"},
				"south": {"uv": [3, 9, 4, 12], "texture": "#1"},
				"west": {"uv": [2, 9, 3, 12], "texture": "#1"},
				"up": {"uv": [2, 9, 1, 8], "texture": "#1"},
				"down": {"uv": [3, 8, 2, 9], "texture": "#1"}
			}
		},
		{
			"name": "Left Leg",
			"from": [3.16224, 0, -3.34022],
			"to": [7.16224, 4, 8.65978],
			"rotation": {"angle": 22.5, "axis": "y", "origin": [8, 9, 6]},
			"faces": {
				"north": {"uv": [7, 12, 6, 13], "rotation": 180, "texture": "#1"},
				"east": {"uv": [4, 13, 5, 16], "rotation": 270, "texture": "#1"},
				"south": {"uv": [6, 13, 5, 12], "texture": "#1"},
				"west": {"uv": [6, 13, 7, 16], "rotation": 90, "texture": "#1"},
				"up": {"uv": [5, 13, 6, 16], "rotation": 180, "texture": "#1"},
				"down": {"uv": [7, 13, 8, 16], "texture": "#1"}
			}
		},
		{
			"name": "Left Leg Layer",
			"from": [2.9122, -0.25, -3.5902],
			"to": [7.4122, 4.25, 8.9098],
			"rotation": {"angle": 22.5, "axis": "y", "origin": [8, 9, 6]},
			"faces": {
				"north": {"uv": [1, 13, 2, 16], "texture": "#1"},
				"east": {"uv": [0, 13, 1, 16], "texture": "#1"},
				"south": {"uv": [3, 13, 4, 16], "texture": "#1"},
				"west": {"uv": [2, 13, 3, 16], "texture": "#1"},
				"up": {"uv": [2, 13, 1, 12], "texture": "#1"},
				"down": {"uv": [3, 12, 2, 13], "texture": "#1"}
			}
		}
	],
	"display": {
		"thirdperson_righthand": {
			"rotation": [56, 0, 0],
			"scale": [0.34, 0.34, 0.34]
		},
		"thirdperson_lefthand": {
			"rotation": [56, 0, 0],
			"scale": [0.34, 0.34, 0.34]
		},
		"firstperson_righthand": {
			"rotation": [0, 124, 0],
			"translation": [2, 1, 0],
			"scale": [0.33, 0.33, 0.33]
		},
		"firstperson_lefthand": {
			"rotation": [0, 124, 0],
			"translation": [2, 1, 0],
			"scale": [0.34, 0.34, 0.34]
		},
		"ground": {
			"translation": [0, 1, 0],
			"scale": [0.36, 0.36, 0.36]
		},
		"gui": {
			"rotation": [-155.75, 38, -180],
			"translation": [0, -1, 0],
			"scale": [0.52, 0.52, 0.52]
		},
		"head": {
			"translation": [0, 9.25, 0.75],
			"scale": [0.46, 0.46, 0.46]
		},
		"fixed": {
			"rotation": [-90, 0, 0],
			"translation": [0, 4, -4.5],
			"scale": [0.84, 0.84, 0.84]
		}
	},
	"groups": [
		{
			"name": "Head",
			"origin": [8, 24, 8],
			"color": 0,
			"children": [0, 1]
		},
		{
			"name": "Body",
			"origin": [8, 24, 8],
			"color": 0,
			"children": [2, 3]
		},
		{
			"name": "RightArm",
			"origin": [13, 22, 8],
			"color": 0,
			"children": [4, 5]
		},
		{
			"name": "LeftArm",
			"origin": [3, 22, 8],
			"color": 0,
			"children": [6, 7]
		},
		{
			"name": "RightLeg",
			"origin": [9.9, 12, 8],
			"color": 0,
			"children": [8, 9]
		},
		{
			"name": "LeftLeg",
			"origin": [6.1, 12, 8],
			"color": 0,
			"children": [10, 11]
		}
	]
}