{
	"credit": "Made with Blockbench",
	"texture_size": [32, 32],
	"textures": {
		"0": "item/custom/sharpshooter",
		"particle": "item/custom/sharpshooter"
	},
	"elements": [
		{
			"from": [6.3125, 11.25, 1.1875],
			"to": [7.3125, 12, 2.4375],
			"rotation": {"angle": 0, "axis": "y", "origin": [6.8125, 8.0625, 9]},
			"faces": {
				"north": {"uv": [9, 1, 9.5, 1.5], "texture": "#0"},
				"east": {"uv": [2, 12.5, 2.75, 13], "texture": "#0"},
				"south": {"uv": [8, 5.5, 8.5, 6], "texture": "#0"},
				"west": {"uv": [12.5, 4.5, 13.25, 5], "texture": "#0"},
				"up": {"uv": [5.75, 13, 5, 12.5], "rotation": 90, "texture": "#0"},
				"down": {"uv": [6.75, 12.5, 6, 13], "rotation": 270, "texture": "#0"}
			}
		},
		{
			"from": [5.8125, 7, 6.9375],
			"to": [7.8125, 7.75, 12.1875],
			"rotation": {"angle": 0, "axis": "y", "origin": [6.8125, 8.0625, 9]},
			"faces": {
				"north": {"uv": [11.5, 11, 12.5, 11.5], "texture": "#0"},
				"east": {"uv": [9.5, 7, 12.25, 7.5], "texture": "#0"},
				"south": {"uv": [11.5, 10.5, 12.5, 11], "texture": "#0"},
				"west": {"uv": [0, 11, 2.75, 11.5], "texture": "#0"},
				"up": {"uv": [9.25, 2.5, 6.5, 1.5], "rotation": 90, "texture": "#0"},
				"down": {"uv": [9.25, 2.5, 6.5, 3.5], "rotation": 270, "texture": "#0"}
			}
		},
		{
			"from": [5.8125, 6.75, 12.1875],
			"to": [7.8125, 7, 12.9375],
			"rotation": {"angle": 0, "axis": "y", "origin": [6.8125, 8.0625, 9]},
			"faces": {
				"north": {"uv": [9.5, 13.5, 10.5, 13.75], "texture": "#0"},
				"east": {"uv": [5, 14, 5.5, 14.25], "texture": "#0"},
				"south": {"uv": [13.75, 9, 14.75, 9.25], "texture": "#0"},
				"west": {"uv": [14, 5, 14.5, 5.25], "texture": "#0"},
				"up": {"uv": [11.5, 13, 11, 12], "rotation": 90, "texture": "#0"},
				"down": {"uv": [12, 12, 11.5, 13], "rotation": 270, "texture": "#0"}
			}
		},
		{
			"from": [5.8125, 7, 12.1875],
			"to": [7.8125, 7.5, 12.4375],
			"rotation": {"angle": 0, "axis": "y", "origin": [6.8125, 8.0625, 9]},
			"faces": {
				"north": {"uv": [13.5, 12.5, 14.5, 12.75], "texture": "#0"},
				"east": {"uv": [5.5, 14, 5.75, 14.25], "texture": "#0"},
				"south": {"uv": [12.5, 13.5, 13.5, 13.75], "texture": "#0"},
				"west": {"uv": [14, 5.5, 14.25, 5.75], "texture": "#0"},
				"up": {"uv": [7.25, 14.5, 7, 13.5], "rotation": 90, "texture": "#0"},
				"down": {"uv": [13.75, 13, 13.5, 14], "rotation": 270, "texture": "#0"}
			}
		},
		{
			"from": [5.8125, 6.5, 12.9375],
			"to": [7.8125, 6.75, 14.1875],
			"rotation": {"angle": 0, "axis": "y", "origin": [6.8125, 8.0625, 9]},
			"faces": {
				"north": {"uv": [11.5, 13.5, 12.5, 13.75], "texture": "#0"},
				"east": {"uv": [14, 1, 14.75, 1.25], "texture": "#0"},
				"south": {"uv": [10.5, 13.5, 11.5, 13.75], "texture": "#0"},
				"west": {"uv": [14, 1.5, 14.75, 1.75], "texture": "#0"},
				"up": {"uv": [7.75, 12.5, 7, 11.5], "rotation": 90, "texture": "#0"},
				"down": {"uv": [8.75, 11.5, 8, 12.5], "rotation": 270, "texture": "#0"}
			}
		},
		{
			"from": [5.8125, 7.75, 1.1875],
			"to": [7.8125, 11.25, 13.6875],
			"rotation": {"angle": 0, "axis": "y", "origin": [6.8125, 8.0625, 9]},
			"faces": {
				"north": {"uv": [6, 9, 7, 10.75], "texture": "#0"},
				"east": {"uv": [0, 0, 6.25, 1.75], "texture": "#0"},
				"south": {"uv": [8.5, 5.5, 9.5, 7.25], "texture": "#0"},
				"west": {"uv": [0, 2, 6.25, 3.75], "texture": "#0"},
				"up": {"uv": [6.25, 5, 0, 4], "rotation": 90, "texture": "#0"},
				"down": {"uv": [6.25, 5, 0, 6], "rotation": 270, "texture": "#0"}
			}
		},
		{
			"from": [5.5625, 7, 6.4375],
			"to": [8.0625, 11.5, 6.9375],
			"rotation": {"angle": 0, "axis": "y", "origin": [6.8125, 8.0625, 9]},
			"faces": {
				"north": {"uv": [1.5, 6, 2.75, 8.25], "texture": "#0"},
				"east": {"uv": [3, 12, 3.25, 14.25], "texture": "#0"},
				"south": {"uv": [0, 6, 1.25, 8.25], "texture": "#0"},
				"west": {"uv": [3.5, 12, 3.75, 14.25], "texture": "#0"},
				"up": {"uv": [7.75, 14.25, 7.5, 13], "rotation": 90, "texture": "#0"},
				"down": {"uv": [8.25, 13, 8, 14.25], "rotation": 270, "texture": "#0"}
			}
		},
		{
			"from": [5.5625, 7.25, 1.4375],
			"to": [8.0625, 11.5, 1.9375],
			"rotation": {"angle": 0, "axis": "y", "origin": [6.8125, 8.0625, 9]},
			"faces": {
				"north": {"uv": [4.5, 6, 5.75, 8.25], "texture": "#0"},
				"east": {"uv": [4, 12, 4.25, 14.25], "texture": "#0"},
				"south": {"uv": [3, 6, 4.25, 8.25], "texture": "#0"},
				"west": {"uv": [4.5, 12, 4.75, 14.25], "texture": "#0"},
				"up": {"uv": [8.75, 14.25, 8.5, 13], "rotation": 90, "texture": "#0"},
				"down": {"uv": [9.25, 13, 9, 14.25], "rotation": 270, "texture": "#0"}
			}
		},
		{
			"from": [5.5625, 7, 1.9375],
			"to": [8.0625, 7.75, 6.4375],
			"rotation": {"angle": 0, "axis": "y", "origin": [6.8125, 8.0625, 9]},
			"faces": {
				"north": {"uv": [10.5, 11.5, 11.75, 12], "texture": "#0"},
				"east": {"uv": [11.5, 1, 13.75, 1.5], "texture": "#0"},
				"south": {"uv": [9, 11.5, 10.25, 12], "texture": "#0"},
				"west": {"uv": [11.5, 1.5, 13.75, 2], "texture": "#0"},
				"up": {"uv": [8.25, 7.25, 6, 6], "rotation": 90, "texture": "#0"},
				"down": {"uv": [8.75, 0, 6.5, 1.25], "rotation": 270, "texture": "#0"}
			}
		},
		{
			"from": [5.5625, 9, 1.9375],
			"to": [8.0625, 9.75, 6.4375],
			"rotation": {"angle": 0, "axis": "y", "origin": [6.8125, 8.0625, 9]},
			"faces": {
				"north": {"uv": [10.5, 11.5, 11.75, 12], "texture": "#0"},
				"east": {"uv": [11.5, 1, 13.75, 1.5], "texture": "#0"},
				"south": {"uv": [9, 11.5, 10.25, 12], "texture": "#0"},
				"west": {"uv": [11.5, 1.5, 13.75, 2], "texture": "#0"},
				"up": {"uv": [8.25, 7.25, 6, 6], "rotation": 90, "texture": "#0"},
				"down": {"uv": [8.75, 0, 6.5, 1.25], "rotation": 270, "texture": "#0"}
			}
		},
		{
			"from": [6.0625, 8.75, 13.6875],
			"to": [7.5625, 10.5, 16.1875],
			"rotation": {"angle": 0, "axis": "y", "origin": [6.8125, 8.0625, 9]},
			"faces": {
				"north": {"uv": [11.5, 4, 12.25, 5], "texture": "#0"},
				"east": {"uv": [11, 0, 12.25, 1], "texture": "#0"},
				"south": {"uv": [6, 11, 6.75, 12], "texture": "#0"},
				"west": {"uv": [3, 11, 4.25, 12], "texture": "#0"},
				"up": {"uv": [2.75, 12.25, 1.5, 11.5], "rotation": 90, "texture": "#0"},
				"down": {"uv": [12.75, 2, 11.5, 2.75], "rotation": 270, "texture": "#0"}
			}
		},
		{
			"from": [6.0625, 10.5, 13.6875],
			"to": [7.5625, 11.5, 14.4375],
			"rotation": {"angle": 0, "axis": "y", "origin": [6.8125, 8.0625, 9]},
			"faces": {
				"north": {"uv": [10, 12.5, 10.75, 13], "texture": "#0"},
				"east": {"uv": [7, 9, 7.5, 9.5], "texture": "#0"},
				"south": {"uv": [12.5, 9, 13.625, 9.5], "texture": "#0"},
				"west": {"uv": [11.5, 13, 12, 13.5], "texture": "#0"},
				"up": {"uv": [13, 11.625, 12.5, 10.5], "rotation": 90, "texture": "#0"},
				"down": {"uv": [12.5, 12.5, 12, 13.25], "rotation": 270, "texture": "#0"}
			}
		},
		{
			"from": [6.0625, 10.5, 14.4375],
			"to": [7.5625, 11.25, 14.9375],
			"rotation": {"angle": 0, "axis": "y", "origin": [6.8125, 8.0625, 9]},
			"faces": {
				"north": {"uv": [13, 5, 13.75, 5.5], "texture": "#0"},
				"east": {"uv": [13.5, 6, 14, 6.5], "texture": "#0"},
				"south": {"uv": [5, 13, 6.125, 13.5], "texture": "#0"},
				"west": {"uv": [6.5, 13.5, 7, 14], "texture": "#0"},
				"up": {"uv": [3, 14.125, 2.5, 13], "rotation": 90, "texture": "#0"},
				"down": {"uv": [13.5, 5.5, 13, 6.25], "rotation": 270, "texture": "#0"}
			}
		},
		{
			"from": [6.0625, 10.5, 14.9375],
			"to": [7.5625, 10.75, 15.4375],
			"rotation": {"angle": 0, "axis": "y", "origin": [6.8125, 8.0625, 9]},
			"faces": {
				"north": {"uv": [1, 14, 1.75, 14.25], "texture": "#0"},
				"east": {"uv": [2, 14, 2.5, 14.25], "texture": "#0"},
				"south": {"uv": [0, 14, 0.75, 14.25], "texture": "#0"},
				"west": {"uv": [2.5, 14, 3, 14.25], "texture": "#0"},
				"up": {"uv": [2.5, 14.125, 2, 13], "rotation": 90, "texture": "#0"},
				"down": {"uv": [13.5, 2, 13, 2.75], "rotation": 270, "texture": "#0"}
			}
		},
		{
			"from": [5.8125, 4.25, 14.6875],
			"to": [7.8125, 4.75, 17.1875],
			"rotation": {"angle": 0, "axis": "y", "origin": [6.8125, 8.0625, 9]},
			"faces": {
				"north": {"uv": [13, 9.5, 14, 9.75], "texture": "#0"},
				"east": {"uv": [6.125, 13, 7.375, 13.25], "texture": "#0"},
				"south": {"uv": [9.5, 13, 10.5, 13.25], "texture": "#0"},
				"west": {"uv": [13, 6.5, 14.25, 6.75], "texture": "#0"},
				"up": {"uv": [5.75, 12, 4.5, 11], "rotation": 90, "texture": "#0"},
				"down": {"uv": [12.25, 7.5, 11, 8.5], "rotation": 270, "texture": "#0"}
			}
		},
		{
			"from": [5.8125, 4.75, 14.6875],
			"to": [7.8125, 5.25, 17.9375],
			"rotation": {"angle": 0, "axis": "y", "origin": [6.8125, 8.0625, 9]},
			"faces": {
				"north": {"uv": [10.5, 13, 11.5, 13.25], "texture": "#0"},
				"east": {"uv": [12, 12, 13.75, 12.25], "texture": "#0"},
				"south": {"uv": [13, 10, 14, 10.25], "texture": "#0"},
				"west": {"uv": [12, 12, 13.75, 12.25], "texture": "#0"},
				"up": {"uv": [10.75, 1, 9, 0], "rotation": 90, "texture": "#0"},
				"down": {"uv": [10.75, 7.5, 9, 8.5], "rotation": 270, "texture": "#0"}
			}
		},
		{
			"from": [5.8125, 5.25, 14.4375],
			"to": [7.8125, 5.75, 17.6875],
			"rotation": {"angle": 0, "axis": "y", "origin": [6.8125, 8.0625, 9]},
			"faces": {
				"north": {"uv": [13, 11, 14, 11.25], "texture": "#0"},
				"east": {"uv": [0, 12.5, 1.75, 12.75], "texture": "#0"},
				"south": {"uv": [13, 10.5, 14, 10.75], "texture": "#0"},
				"west": {"uv": [12.5, 0, 14.25, 0.25], "texture": "#0"},
				"up": {"uv": [10.75, 9.5, 9, 8.5], "rotation": 90, "texture": "#0"},
				"down": {"uv": [11.25, 1, 9.5, 2], "rotation": 270, "texture": "#0"}
			}
		},
		{
			"from": [5.8125, 5.75, 14.1875],
			"to": [7.8125, 6, 17.4375],
			"rotation": {"angle": 0, "axis": "y", "origin": [6.8125, 8.0625, 9]},
			"faces": {
				"north": {"uv": [0, 13.5, 1, 13.75], "texture": "#0"},
				"east": {"uv": [12.5, 0.5, 14.25, 0.75], "texture": "#0"},
				"south": {"uv": [12.5, 13, 13.5, 13.25], "texture": "#0"},
				"west": {"uv": [12.5, 4, 14.25, 4.25], "texture": "#0"},
				"up": {"uv": [11.25, 3, 9.5, 2], "rotation": 90, "texture": "#0"},
				"down": {"uv": [11.25, 3, 9.5, 4], "rotation": 270, "texture": "#0"}
			}
		},
		{
			"from": [5.8125, 6, 14.1875],
			"to": [7.8125, 6.25, 17.1875],
			"rotation": {"angle": 0, "axis": "y", "origin": [6.8125, 8.0625, 9]},
			"faces": {
				"north": {"uv": [13.5, 2.5, 14.5, 2.75], "texture": "#0"},
				"east": {"uv": [7, 12.5, 8.5, 12.75], "texture": "#0"},
				"south": {"uv": [13.5, 2, 14.5, 2.25], "texture": "#0"},
				"west": {"uv": [12.5, 7, 14, 7.25], "texture": "#0"},
				"up": {"uv": [8, 6, 6.5, 5], "rotation": 90, "texture": "#0"},
				"down": {"uv": [10.5, 9.5, 9, 10.5], "rotation": 270, "texture": "#0"}
			}
		},
		{
			"from": [5.8125, 6.25, 14.1875],
			"to": [7.8125, 6.75, 16.9375],
			"rotation": {"angle": 0, "axis": "y", "origin": [6.8125, 8.0625, 9]},
			"faces": {
				"north": {"uv": [6, 12, 7, 12.5], "texture": "#0"},
				"east": {"uv": [11.5, 5, 13, 5.5], "texture": "#0"},
				"south": {"uv": [5, 12, 6, 12.5], "texture": "#0"},
				"west": {"uv": [11.5, 5.5, 13, 6], "texture": "#0"},
				"up": {"uv": [4.5, 11, 3, 10], "rotation": 90, "texture": "#0"},
				"down": {"uv": [6, 10, 4.5, 11], "rotation": 270, "texture": "#0"}
			}
		},
		{
			"from": [5.8125, 6.75, 13.9375],
			"to": [7.8125, 7.25, 16.6875],
			"rotation": {"angle": 0, "axis": "y", "origin": [6.8125, 8.0625, 9]},
			"faces": {
				"north": {"uv": [5, 13.5, 6, 13.75], "texture": "#0"},
				"east": {"uv": [8.5, 12.5, 10, 12.75], "texture": "#0"},
				"south": {"uv": [13.5, 4.5, 14.5, 4.75], "texture": "#0"},
				"west": {"uv": [12.5, 8.5, 14, 8.75], "texture": "#0"},
				"up": {"uv": [8.5, 11.5, 7, 10.5], "rotation": 90, "texture": "#0"},
				"down": {"uv": [10, 10.5, 8.5, 11.5], "rotation": 270, "texture": "#0"}
			}
		},
		{
			"from": [5.8125, 7.25, 13.6875],
			"to": [7.8125, 8, 16.4375],
			"rotation": {"angle": 0, "axis": "y", "origin": [6.8125, 8.0625, 9]},
			"faces": {
				"north": {"uv": [12, 9.5, 13, 10], "texture": "#0"},
				"east": {"uv": [11.5, 6, 13, 6.5], "texture": "#0"},
				"south": {"uv": [9, 12, 10, 12.5], "texture": "#0"},
				"west": {"uv": [11.5, 6.5, 13, 7], "texture": "#0"},
				"up": {"uv": [12, 10.5, 10.5, 9.5], "rotation": 90, "texture": "#0"},
				"down": {"uv": [11.5, 10.5, 10, 11.5], "rotation": 270, "texture": "#0"}
			}
		},
		{
			"from": [5.8125, 8, 13.6875],
			"to": [7.8125, 8.75, 17.1875],
			"rotation": {"angle": 0, "axis": "y", "origin": [6.8125, 8.0625, 9]},
			"faces": {
				"north": {"uv": [12, 10, 13, 10.5], "texture": "#0"},
				"east": {"uv": [11.5, 3, 13.25, 3.5], "texture": "#0"},
				"south": {"uv": [10, 12, 11, 12.5], "texture": "#0"},
				"west": {"uv": [11.5, 3.5, 13.25, 4], "texture": "#0"},
				"up": {"uv": [11.25, 5, 9.5, 4], "rotation": 90, "texture": "#0"},
				"down": {"uv": [11.25, 5, 9.5, 6], "rotation": 270, "texture": "#0"}
			}
		},
		{
			"from": [5.3125, 8.5, 10.1875],
			"to": [8.3125, 11, 13.1875],
			"rotation": {"angle": 0, "axis": "y", "origin": [6.8125, 8.0625, 9]},
			"faces": {
				"north": {"uv": [4.5, 8.5, 6, 9.75], "texture": "#0"},
				"east": {"uv": [0, 8.5, 1.5, 9.75], "texture": "#0"},
				"south": {"uv": [1.5, 8.5, 3, 9.75], "texture": "#0"},
				"west": {"uv": [3, 8.5, 4.5, 9.75], "texture": "#0"},
				"up": {"uv": [8, 5, 6.5, 3.5], "rotation": 90, "texture": "#0"},
				"down": {"uv": [7.5, 7.5, 6, 9], "rotation": 270, "texture": "#0"}
			}
		},
		{
			"from": [5.0625, 8.75, 10.4375],
			"to": [8.5625, 10.75, 12.9375],
			"rotation": {"angle": 0, "axis": "y", "origin": [6.8125, 8.0625, 9]},
			"faces": {
				"north": {"uv": [7, 9.5, 8.75, 10.5], "texture": "#0"},
				"east": {"uv": [11, 8.5, 12.25, 9.5], "texture": "#0"},
				"south": {"uv": [9.5, 6, 11.25, 7], "texture": "#0"},
				"west": {"uv": [0, 11.5, 1.25, 12.5], "texture": "#0"},
				"up": {"uv": [8.75, 9.25, 7.5, 7.5], "rotation": 90, "texture": "#0"},
				"down": {"uv": [9.25, 3.5, 8, 5.25], "rotation": 270, "texture": "#0"}
			}
		}
	],
	"display": {
		"thirdperson_righthand": {
			"translation": [1, 1.75, -4.5],
			"scale": [0.66, 0.66, 0.66]
		},
		"thirdperson_lefthand": {
			"translation": [-1, 1.75, -4.5],
			"scale": [0.66, 0.66, 0.66]
		},
		"firstperson_righthand": {
			"translation": [-2, 3.25, 0],
			"scale": [0.72, 0.72, 0.72]
		},
		"firstperson_lefthand": {
			"translation": [-3.25, 3.25, 0],
			"scale": [0.72, 0.72, 0.72]
		},
		"ground": {
			"rotation": [0, 0, 88],
			"translation": [0, -1, 0]
		},
		"gui": {
			"rotation": [36, 55, 4],
			"translation": [0.25, 0, 0]
		},
		"head": {
			"translation": [0, 9.25, -7.75]
		},
		"fixed": {
			"rotation": [0, -90, 0],
			"scale": [1.7, 1.7, 1.7]
		}
	},
	"groups": [
		{
			"name": "Base",
			"origin": [1, 8.75, 8],
			"color": 0,
			"children": [0, 1, 2, 3, 4, 5, 6, 7, 8, 9, 10, 11, 12, 13, 14, 15, 16, 17, 18, 19, 20, 21, 22]
		},
		{
			"name": "barrel",
			"origin": [9, 9, 8.25],
			"color": 0,
			"children": [23, 24]
		}
	]
}