{
	"credit": "Made with Blockbench",
	"texture_size": [64, 32],
	"textures": {
		"0": "item/custom/spider_plush"
	},
	"elements": [
		{
			"name": "head",
			"from": [4, 5, -3],
			"to": [12, 13, 5],
			"rotation": {"angle": 0, "axis": "y", "origin": [8, 0, 8]},
			"faces": {
				"north": {"uv": [10, 6, 12, 10], "texture": "#0"},
				"east": {"uv": [8, 6, 10, 10], "texture": "#0"},
				"south": {"uv": [14, 6, 16, 10], "texture": "#0"},
				"west": {"uv": [12, 6, 14, 10], "texture": "#0"},
				"up": {"uv": [12, 6, 10, 2], "texture": "#0"},
				"down": {"uv": [14, 2, 12, 6], "texture": "#0"}
			}
		},
		{
			"name": "body0",
			"from": [5, 6, 5],
			"to": [11, 12, 11],
			"rotation": {"angle": 0, "axis": "y", "origin": [8, 0, 8]},
			"faces": {
				"north": {"uv": [1.5, 3, 3, 6], "texture": "#0"},
				"east": {"uv": [0, 3, 1.5, 6], "texture": "#0"},
				"south": {"uv": [4.5, 3, 6, 6], "texture": "#0"},
				"west": {"uv": [3, 3, 4.5, 6], "texture": "#0"},
				"up": {"uv": [3, 3, 1.5, 0], "texture": "#0"},
				"down": {"uv": [4.5, 0, 3, 3], "texture": "#0"}
			}
		},
		{
			"name": "body1",
			"from": [3, 5, 11],
			"to": [13, 13, 23],
			"rotation": {"angle": 0, "axis": "y", "origin": [8, 0, 8]},
			"faces": {
				"north": {"uv": [3, 12, 5.5, 16], "texture": "#0"},
				"east": {"uv": [0, 12, 3, 16], "texture": "#0"},
				"south": {"uv": [8.5, 12, 11, 16], "texture": "#0"},
				"west": {"uv": [5.5, 12, 8.5, 16], "texture": "#0"},
				"up": {"uv": [5.5, 12, 3, 6], "texture": "#0"},
				"down": {"uv": [8, 6, 5.5, 12], "texture": "#0"}
			}
		},
		{
			"name": "leg0",
			"from": [11, 8, 9],
			"to": [27, 10, 11],
			"rotation": {"angle": -45, "axis": "y", "origin": [8, 0, 8]},
			"faces": {
				"north": {"uv": [5, 1, 9, 2], "texture": "#0"},
				"east": {"uv": [4.5, 1, 5, 2], "texture": "#0"},
				"south": {"uv": [9.5, 1, 13.5, 2], "texture": "#0"},
				"west": {"uv": [9, 1, 9.5, 2], "texture": "#0"},
				"up": {"uv": [9, 1, 5, 0], "texture": "#0"},
				"down": {"uv": [13, 0, 9, 1], "texture": "#0"}
			}
		},
		{
			"name": "leg1",
			"from": [-11, 8, 9],
			"to": [5, 10, 11],
			"rotation": {"angle": 45, "axis": "y", "origin": [8, 0, 8]},
			"faces": {
				"north": {"uv": [5, 1, 9, 2], "texture": "#0"},
				"east": {"uv": [4.5, 1, 5, 2], "texture": "#0"},
				"south": {"uv": [9.5, 1, 13.5, 2], "texture": "#0"},
				"west": {"uv": [9, 1, 9.5, 2], "texture": "#0"},
				"up": {"uv": [9, 1, 5, 0], "texture": "#0"},
				"down": {"uv": [13, 0, 9, 1], "texture": "#0"}
			}
		},
		{
			"name": "leg2",
			"from": [11, 8, 8],
			"to": [27, 10, 10],
			"rotation": {"angle": -22.5, "axis": "y", "origin": [8, 0, 8]},
			"faces": {
				"north": {"uv": [5, 1, 9, 2], "texture": "#0"},
				"east": {"uv": [4.5, 1, 5, 2], "texture": "#0"},
				"south": {"uv": [9.5, 1, 13.5, 2], "texture": "#0"},
				"west": {"uv": [9, 1, 9.5, 2], "texture": "#0"},
				"up": {"uv": [9, 1, 5, 0], "texture": "#0"},
				"down": {"uv": [13, 0, 9, 1], "texture": "#0"}
			}
		},
		{
			"name": "leg3",
			"from": [-11, 8, 8],
			"to": [5, 10, 10],
			"rotation": {"angle": 22.5, "axis": "y", "origin": [8, 0, 8]},
			"faces": {
				"north": {"uv": [5, 1, 9, 2], "texture": "#0"},
				"east": {"uv": [4.5, 1, 5, 2], "texture": "#0"},
				"south": {"uv": [9.5, 1, 13.5, 2], "texture": "#0"},
				"west": {"uv": [9, 1, 9.5, 2], "texture": "#0"},
				"up": {"uv": [9, 1, 5, 0], "texture": "#0"},
				"down": {"uv": [13, 0, 9, 1], "texture": "#0"}
			}
		},
		{
			"name": "leg4",
			"from": [11, 8, 7],
			"to": [27, 10, 9],
			"rotation": {"angle": 0, "axis": "y", "origin": [8, 0, 8]},
			"faces": {
				"north": {"uv": [5, 1, 9, 2], "texture": "#0"},
				"east": {"uv": [4.5, 1, 5, 2], "texture": "#0"},
				"south": {"uv": [9.5, 1, 13.5, 2], "texture": "#0"},
				"west": {"uv": [9, 1, 9.5, 2], "texture": "#0"},
				"up": {"uv": [9, 1, 5, 0], "texture": "#0"},
				"down": {"uv": [13, 0, 9, 1], "texture": "#0"}
			}
		},
		{
			"name": "leg5",
			"from": [-11, 8, 7],
			"to": [5, 10, 9],
			"rotation": {"angle": 0, "axis": "y", "origin": [8, 0, 8]},
			"faces": {
				"north": {"uv": [5, 1, 9, 2], "texture": "#0"},
				"east": {"uv": [4.5, 1, 5, 2], "texture": "#0"},
				"south": {"uv": [9.5, 1, 13.5, 2], "texture": "#0"},
				"west": {"uv": [9, 1, 9.5, 2], "texture": "#0"},
				"up": {"uv": [9, 1, 5, 0], "texture": "#0"},
				"down": {"uv": [13, 0, 9, 1], "texture": "#0"}
			}
		},
		{
			"name": "leg6",
			"from": [11, 8, 6],
			"to": [27, 10, 8],
			"rotation": {"angle": 22.5, "axis": "y", "origin": [8, 0, 8]},
			"faces": {
				"north": {"uv": [5, 1, 9, 2], "texture": "#0"},
				"east": {"uv": [4.5, 1, 5, 2], "texture": "#0"},
				"south": {"uv": [9.5, 1, 13.5, 2], "texture": "#0"},
				"west": {"uv": [9, 1, 9.5, 2], "texture": "#0"},
				"up": {"uv": [9, 1, 5, 0], "texture": "#0"},
				"down": {"uv": [13, 0, 9, 1], "texture": "#0"}
			}
		},
		{
			"name": "leg7",
			"from": [-11, 8, 6],
			"to": [5, 10, 8],
			"rotation": {"angle": -22.5, "axis": "y", "origin": [8, 0, 8]},
			"faces": {
				"north": {"uv": [5, 1, 9, 2], "texture": "#0"},
				"east": {"uv": [4.5, 1, 5, 2], "texture": "#0"},
				"south": {"uv": [9.5, 1, 13.5, 2], "texture": "#0"},
				"west": {"uv": [9, 1, 9.5, 2], "texture": "#0"},
				"up": {"uv": [9, 1, 5, 0], "texture": "#0"},
				"down": {"uv": [13, 0, 9, 1], "texture": "#0"}
			}
		}
	],
	"display": {
		"thirdperson_righthand": {
			"rotation": [0, 180, 0],
			"scale": [0.3, 0.3, 0.3]
		},
		"thirdperson_lefthand": {
			"rotation": [0, 180, 0],
			"scale": [0.3, 0.3, 0.3]
		},
		"firstperson_righthand": {
			"rotation": [-67, 123, 32],
			"translation": [2.5, 0, 0],
			"scale": [0.31, 0.31, 0.31]
		},
		"firstperson_lefthand": {
			"rotation": [-67, 123, 32],
			"translation": [2.5, 0, 0],
			"scale": [0.31, 0.31, 0.31]
		},
		"ground": {
			"translation": [0, -3, 0],
			"scale": [0.3, 0.3, 0.3]
		},
		"gui": {
			"rotation": [13, 147, 18],
			"scale": [0.51, 0.51, 0.51]
		},
		"head": {
			"rotation": [13, 7, 0],
			"translation": [0, 7.5, 0],
			"scale": [0.5, 0.5, 0.5]
		},
		"fixed": {
			"rotation": [-87, 180, 0],
			"translation": [0, 0, -1],
			"scale": [0.38, 0.38, 0.38]
		}
	},
	"groups": [
		{
			"name": "head",
			"origin": [8, 9, 5],
			"color": 0,
			"children": [0]
		},
		{
			"name": "body0",
			"origin": [8, 9, 8],
			"color": 0,
			"children": [1]
		},
		{
			"name": "body1",
			"origin": [8, 9, 17],
			"color": 0,
			"children": [2]
		},
		{
			"name": "leg0",
			"origin": [12, 9, 10],
			"color": 0,
			"children": [3]
		},
		{
			"name": "leg1",
			"origin": [4, 9, 10],
			"color": 0,
			"children": [4]
		},
		{
			"name": "leg2",
			"origin": [12, 9, 9],
			"color": 0,
			"children": [5]
		},
		{
			"name": "leg3",
			"origin": [4, 9, 9],
			"color": 0,
			"children": [6]
		},
		{
			"name": "leg4",
			"origin": [12, 9, 8],
			"color": 0,
			"children": [7]
		},
		{
			"name": "leg5",
			"origin": [4, 9, 8],
			"color": 0,
			"children": [8]
		},
		{
			"name": "leg6",
			"origin": [12, 9, 7],
			"color": 0,
			"children": [9]
		},
		{
			"name": "leg7",
			"origin": [4, 9, 7],
			"color": 0,
			"children": [10]
		}
	]
}