{
  "parent": "minecraft:item/generated",
  "textures": {
    "layer0": "minecraft:item/orange_dye"
  },
 
  "overrides": [
  {"predicate": {"custom_model_data":1}, "model": "item/custom/player_fletch"},
{"predicate": {"custom_model_data":2}, "model": "item/custom/player_lillian"},
{"predicate": {"custom_model_data":3}, "model": "item/custom/player_ebro"},
{"predicate": {"custom_model_data":4}, "model": "item/custom/player_phoned"},
{"predicate": {"custom_model_data":5}, "model": "item/custom/player_rare"},
{"predicate": {"custom_model_data":6}, "model": "item/custom/player_silvtea"},
{"predicate": {"custom_model_data":7}, "model": "item/custom/player_mcfeelz"},
{"predicate": {"custom_model_data":8}, "model": "item/custom/player_semicolton"},
{"predicate": {"custom_model_data":9}, "model": "item/custom/player_moohaha"}
 ]
}