{
    "music.bugsnax": {
        "sounds": [
            {
                "name": "hatspack:music/bugsnax",
                "stream": true
            }
        ]
    },
    "music.train_rush": {
        "sounds": [
            {
                "name": "hatspack:music/train_rush",
                "stream": true
            }
        ]
    },
    "music.game.haggstrom": {
        "sounds": [
            {
                "name": "minecraft:music/game/haggstrom",
                "stream": true
            }
        ]
    },
    "music.game.key": {
        "sounds": [
            {
                "name": "minecraft:music/game/key",
                "stream": true
            }
        ]
    },
    "music.game.subwoofer_lullaby": {
        "sounds": [
            {
                "name": "minecraft:music/game/subwoofer_lullaby",
                "stream": true
            }
        ]
    },
    "music.game.living_mice": {
        "sounds": [
            {
                "name": "minecraft:music/game/living_mice",
                "stream": true
            }
        ]
    },
    "music.game.minecraft": {
        "sounds": [
            {
                "name": "minecraft:music/game/minecraft",
                "stream": true
            }
        ]
    },
    "music.game.oxygene": {
        "sounds": [
            {
                "name": "minecraft:music/game/oxygene",
                "stream": true
            }
        ]
    },
    "music.game.mice_on_venus": {
        "sounds": [
            {
                "name": "minecraft:music/game/mice_on_venus",
                "stream": true
            }
        ]
    },
    "music.game.dry_hands": {
        "sounds": [
            {
                "name": "minecraft:music/game/dry_hands",
                "stream": true
            }
        ]
    },
    "music.game.clark": {
        "sounds": [
            {
                "name": "minecraft:music/game/clark",
                "stream": true
            }
        ]
    },
    "music.game.sweden": {
        "sounds": [
            {
                "name": "minecraft:music/game/sweden",
                "stream": true
            }
        ]
    },
    "music.game.danny": {
        "sounds": [
            {
                "name": "minecraft:music/game/danny",
                "stream": true
            }
        ]
    },
    "music.game.wet_hands": {
        "sounds": [
            {
                "name": "minecraft:music/game/wet_hands",
                "stream": true
            }
        ]
    }

}