{
	"credit": "Made with Blockbench",
	"textures": {
		"0": "block/custom/antlers",
		"particle": "block/custom/antlers"
	},
	"elements": [
		{
			"from": [13, 7, 8],
			"to": [14, 12, 9],
			"rotation": {"angle": -22.5, "axis": "z", "origin": [13.5, 14.5, 8.5]},
			"faces": {
				"north": {"uv": [5, 5, 6, 10], "texture": "#0"},
				"east": {"uv": [4, 5, 5, 10], "texture": "#0"},
				"south": {"uv": [7, 5, 8, 10], "texture": "#0"},
				"west": {"uv": [6, 5, 7, 10], "texture": "#0"},
				"up": {"uv": [6, 5, 5, 4], "texture": "#0"},
				"down": {"uv": [7, 4, 6, 5], "texture": "#0"}
			}
		},
		{
			"from": [11, 13, 8],
			"to": [12, 16, 9],
			"rotation": {"angle": 22.5, "axis": "z", "origin": [13.5, 14.5, 8.5]},
			"faces": {
				"north": {"uv": [13, 1, 14, 4], "texture": "#0"},
				"east": {"uv": [12, 1, 13, 4], "texture": "#0"},
				"south": {"uv": [15, 1, 16, 4], "texture": "#0"},
				"west": {"uv": [14, 1, 15, 4], "texture": "#0"},
				"up": {"uv": [14, 1, 13, 0], "texture": "#0"},
				"down": {"uv": [15, 0, 14, 1], "texture": "#0"}
			}
		},
		{
			"from": [12, 12, 8],
			"to": [15, 13, 9],
			"rotation": {"angle": 22.5, "axis": "z", "origin": [13.5, 14.5, 8.5]},
			"faces": {
				"north": {"uv": [5, 3, 8, 4], "texture": "#0"},
				"east": {"uv": [4, 3, 5, 4], "texture": "#0"},
				"south": {"uv": [9, 3, 12, 4], "texture": "#0"},
				"west": {"uv": [8, 3, 9, 4], "texture": "#0"},
				"up": {"uv": [8, 3, 5, 2], "texture": "#0"},
				"down": {"uv": [11, 2, 8, 3], "texture": "#0"}
			}
		},
		{
			"from": [15.67164, 13.04805, 7.9],
			"to": [16.87164, 16.24805, 9.1],
			"rotation": {"angle": -22.5, "axis": "z", "origin": [16.27164, 15.64805, 8.5]},
			"faces": {
				"north": {"uv": [1, 13, 2, 16], "texture": "#0"},
				"east": {"uv": [0, 13, 1, 16], "texture": "#0"},
				"south": {"uv": [3, 13, 4, 16], "texture": "#0"},
				"west": {"uv": [2, 13, 3, 16], "texture": "#0"},
				"up": {"uv": [2, 13, 1, 12], "texture": "#0"},
				"down": {"uv": [3, 12, 2, 13], "texture": "#0"}
			}
		},
		{
			"from": [15.77164, 16.14805, 8],
			"to": [16.77164, 19.14805, 9],
			"rotation": {"angle": 22.5, "axis": "z", "origin": [16.27164, 15.64805, 8.5]},
			"faces": {
				"north": {"uv": [12, 12, 13, 15], "texture": "#0"},
				"east": {"uv": [11, 12, 12, 15], "texture": "#0"},
				"south": {"uv": [14, 12, 15, 15], "texture": "#0"},
				"west": {"uv": [13, 12, 14, 15], "texture": "#0"},
				"up": {"uv": [13, 12, 12, 11], "texture": "#0"},
				"down": {"uv": [14, 11, 13, 12], "texture": "#0"}
			}
		},
		{
			"from": [17.85403, 16.26118, 8],
			"to": [18.85403, 19.26118, 9],
			"rotation": {"angle": -45, "axis": "z", "origin": [17.35403, 18.26118, 8.5]},
			"faces": {
				"north": {"uv": [5, 11, 6, 14], "texture": "#0"},
				"east": {"uv": [4, 11, 5, 14], "texture": "#0"},
				"south": {"uv": [7, 11, 8, 14], "texture": "#0"},
				"west": {"uv": [6, 11, 7, 14], "texture": "#0"},
				"up": {"uv": [6, 11, 5, 10], "texture": "#0"},
				"down": {"uv": [7, 10, 6, 11], "texture": "#0"}
			}
		},
		{
			"from": [4, 8, 8],
			"to": [5, 13, 9],
			"rotation": {"angle": 22.5, "axis": "z", "origin": [5.5, 9.5, 8.5]},
			"faces": {
				"north": {"uv": [1, 3, 2, 8], "texture": "#0"},
				"east": {"uv": [0, 3, 1, 8], "texture": "#0"},
				"south": {"uv": [3, 3, 4, 8], "texture": "#0"},
				"west": {"uv": [2, 3, 3, 8], "texture": "#0"},
				"up": {"uv": [2, 3, 1, 2], "texture": "#0"},
				"down": {"uv": [3, 2, 2, 3], "texture": "#0"}
			}
		},
		{
			"from": [0.35403, 16.26118, 8],
			"to": [1.35403, 19.26118, 9],
			"rotation": {"angle": -22.5, "axis": "z", "origin": [0.85403, 19.01118, 8.5]},
			"faces": {
				"north": {"uv": [1, 9, 2, 12], "texture": "#0"},
				"east": {"uv": [0, 9, 1, 12], "texture": "#0"},
				"south": {"uv": [3, 9, 4, 12], "texture": "#0"},
				"west": {"uv": [2, 9, 3, 12], "texture": "#0"},
				"up": {"uv": [2, 9, 1, 8], "texture": "#0"},
				"down": {"uv": [3, 8, 2, 9], "texture": "#0"}
			}
		},
		{
			"from": [-0.56034, 13.73481, 7.9],
			"to": [0.63966, 16.93481, 9.1],
			"rotation": {"angle": 22.5, "axis": "z", "origin": [0.53966, 15.08481, 8.5]},
			"faces": {
				"north": {"uv": [9, 5, 10, 8], "texture": "#0"},
				"east": {"uv": [8, 5, 9, 8], "texture": "#0"},
				"south": {"uv": [11, 5, 12, 8], "texture": "#0"},
				"west": {"uv": [10, 5, 11, 8], "texture": "#0"},
				"up": {"uv": [10, 5, 9, 4], "texture": "#0"},
				"down": {"uv": [11, 4, 10, 5], "texture": "#0"}
			}
		},
		{
			"from": [0.18927, 12.31212, 8],
			"to": [3.18927, 13.31212, 9],
			"rotation": {"angle": -22.5, "axis": "z", "origin": [2.18927, 13.06212, 8.5]},
			"faces": {
				"north": {"uv": [1, 1, 4, 2], "texture": "#0"},
				"east": {"uv": [0, 1, 1, 2], "texture": "#0"},
				"south": {"uv": [5, 1, 8, 2], "texture": "#0"},
				"west": {"uv": [4, 1, 5, 2], "texture": "#0"},
				"up": {"uv": [4, 1, 1, 0], "texture": "#0"},
				"down": {"uv": [7, 0, 4, 1], "texture": "#0"}
			}
		},
		{
			"from": [3.18927, 13.06212, 8],
			"to": [4.18927, 16.06212, 9],
			"rotation": {"angle": -22.5, "axis": "z", "origin": [2.18927, 13.06212, 8.5]},
			"faces": {
				"north": {"uv": [9, 9, 10, 12], "texture": "#0"},
				"east": {"uv": [8, 9, 9, 12], "texture": "#0"},
				"south": {"uv": [11, 9, 12, 12], "texture": "#0"},
				"west": {"uv": [10, 9, 11, 12], "texture": "#0"},
				"up": {"uv": [10, 9, 9, 8], "texture": "#0"},
				"down": {"uv": [11, 8, 10, 9], "texture": "#0"}
			}
		}
	],
	"display": {
		"thirdperson_righthand": {
			"scale": [0.61, 0.61, 0.61]
		},
		"gui": {
			"rotation": [-4, -31, -5],
			"translation": [0, -3.75, 0]
		},
		"head": {
			"translation": [0, 5.75, 0],
			"scale": [1.6, 1.6, 1.6]
		}
	},
	"groups": [
		{
			"name": "left",
			"origin": [17.35403, 18.26118, 8.5],
			"color": 0,
			"children": [0, 1, 2, 3, 4, 5]
		},
		{
			"name": "right",
			"origin": [17.35403, 18.26118, 8.5],
			"color": 0,
			"children": [6, 7, 8, 9, 10]
		}
	]
}