{
	"credit": "Made with Blockbench",
	"texture_size": [64, 64],
	"textures": {
		"0": "block/custom/frog",
		"particle": "block/custom/frog"
	},
	"elements": [
		{
			"from": [3, 7, 3],
			"to": [13, 10, 13],
			"faces": {
				"north": {"uv": [2.5, 5.75, 5, 6.5], "texture": "#0"},
				"east": {"uv": [0, 5.75, 2.5, 6.5], "texture": "#0"},
				"south": {"uv": [7.5, 5.75, 10, 6.5], "texture": "#0"},
				"west": {"uv": [5, 5.75, 7.5, 6.5], "texture": "#0"},
				"up": {"uv": [5, 5.75, 2.5, 3.25], "texture": "#0"},
				"down": {"uv": [7.5, 3.25, 5, 5.75], "texture": "#0"}
			}
		},
		{
			"from": [2.9, 5.9, 2.9],
			"to": [13.1, 9.1, 13.1],
			"faces": {
				"north": {"uv": [2.5, 2.5, 5, 3.25], "texture": "#0"},
				"east": {"uv": [0, 2.5, 2.5, 3.25], "texture": "#0"},
				"south": {"uv": [7.5, 2.5, 10, 3.25], "texture": "#0"},
				"west": {"uv": [5, 2.5, 7.5, 3.25], "texture": "#0"},
				"up": {"uv": [5, 2.5, 2.5, 0], "texture": "#0"},
				"down": {"uv": [7.5, 0, 5, 2.5], "texture": "#0"}
			}
		},
		{
			"from": [3.25, 10, 6],
			"to": [6.25, 13, 8],
			"faces": {
				"north": {"uv": [0.5, 1.75, 1.25, 2.5], "texture": "#0"},
				"east": {"uv": [0, 1.75, 0.5, 2.5], "texture": "#0"},
				"south": {"uv": [1.75, 1.75, 2.5, 2.5], "texture": "#0"},
				"west": {"uv": [1.25, 1.75, 1.75, 2.5], "texture": "#0"},
				"up": {"uv": [1.25, 1.75, 0.5, 1.25], "texture": "#0"},
				"down": {"uv": [2, 1.25, 1.25, 1.75], "texture": "#0"}
			}
		},
		{
			"from": [9.75, 10, 6],
			"to": [12.75, 13, 8],
			"faces": {
				"north": {"uv": [0.5, 0.5, 1.25, 1.25], "texture": "#0"},
				"east": {"uv": [0, 0.5, 0.5, 1.25], "texture": "#0"},
				"south": {"uv": [1.75, 0.5, 2.5, 1.25], "texture": "#0"},
				"west": {"uv": [1.25, 0.5, 1.75, 1.25], "texture": "#0"},
				"up": {"uv": [1.25, 0.5, 0.5, 0], "texture": "#0"},
				"down": {"uv": [2, 0, 1.25, 0.5], "texture": "#0"}
			}
		}
	],
	"display": {
		"thirdperson_righthand": {
			"scale": [0.8, 0.8, 0.8]
		},
		"thirdperson_lefthand": {
			"scale": [0.8, 0.8, 0.8]
		},
		"gui": {
			"rotation": [26, 149, 0],
			"translation": [0, -0.5, 0],
			"scale": [1.01, 1.01, 1.01]
		},
		"head": {
			"translation": [0, 5.25, 0],
			"scale": [1.47, 1.47, 1.47]
		}
	}
}