{
	"credit": "Made with Blockbench",
	"texture_size": [64, 64],
	"textures": {
		"0": "block/custom/frog_pumpkin",
		"particle": "block/custom/frog_pumpkin"
	},
	"elements": [
		{
			"from": [0, 0, 0],
			"to": [16, 16, 16],
			"rotation": {"angle": 0, "axis": "y", "origin": [8, 8, 8]},
			"faces": {
				"north": {"uv": [0, 8, 4, 12], "texture": "#0"},
				"east": {"uv": [0, 0, 4, 4], "texture": "#0"},
				"south": {"uv": [0, 0, 4, 4], "texture": "#0"},
				"west": {"uv": [0, 0, 4, 4], "texture": "#0"},
				"up": {"uv": [12, 4, 8, 0], "rotation": 90, "texture": "#0"},
				"down": {"uv": [12, 0, 8, 4], "rotation": 270, "texture": "#0"}
			}
		}
	],
	"display": {
		"thirdperson_righthand": {
			"rotation": [67.5, -17.5, 0],
			"translation": [0, 0, -3.5],
			"scale": [0.5, 0.5, 0.5]
		},
		"firstperson_righthand": {
			"rotation": [-180, 50, -180],
			"translation": [2.5, 1.5, 0],
			"scale": [0.34961, 0.34961, 0.34961]
		},
		"firstperson_lefthand": {
			"rotation": [-180, 50, -180],
			"translation": [2.5, 1.5, 0],
			"scale": [0.34961, 0.34961, 0.34961]
		},
		"ground": {
			"translation": [0, 0.25, 0],
			"scale": [0.5, 0.5, 0.5]
		},
		"gui": {
			"rotation": [-156.75, 53, -180],
			"scale": [0.65039, 0.65039, 0.65039]
		},
		"head": {
			"translation": [0, 1.28906, 0],
			"scale": [0.99219, 0.99219, 0.99219]
		}
	}
}