{
	"credit": "Made with Blockbench",
	"texture_size": [64, 64],
	"textures": {
		"0": "axolotl_green"
	},
	"elements": [
		{
			"name": "body",
			"from": [4, -3, 0],
			"to": [12, 1, 10],
			"rotation": {"angle": 45, "axis": "x", "origin": [8, -3, 5]},
			"faces": {
				"north": {"uv": [2.5, 5.25, 4.5, 6.25], "texture": "#0"},
				"east": {"uv": [0, 5.25, 2.5, 6.25], "texture": "#0"},
				"south": {"uv": [7, 5.25, 9, 6.25], "texture": "#0"},
				"west": {"uv": [4.5, 5.25, 7, 6.25], "texture": "#0"},
				"up": {"uv": [4.5, 5.25, 2.5, 2.75], "texture": "#0"},
				"down": {"uv": [6.5, 2.75, 4.5, 5.25], "texture": "#0"}
			}
		},
		{
			"name": "body",
			"from": [8, -3, 0],
			"to": [8, 2, 9],
			"rotation": {"angle": 45, "axis": "x", "origin": [8, -3, 5]},
			"faces": {
				"north": {"uv": [2.75, 6.5, 2.75, 7.75], "texture": "#0"},
				"east": {"uv": [0.5, 6.5, 2.75, 7.75], "texture": "#0"},
				"south": {"uv": [5, 6.5, 5, 7.75], "texture": "#0"},
				"west": {"uv": [0.5, 6.5, 2.75, 7.75], "texture": "#0"},
				"up": {"uv": [2.75, 6.5, 2.75, 4.25], "texture": "#0"},
				"down": {"uv": [2.75, 4.25, 2.75, 6.5], "texture": "#0"}
			}
		},
		{
			"name": "right_arm",
			"from": [11, -7, 1],
			"to": [14, -2, 1],
			"rotation": {"angle": 45, "axis": "x", "origin": [8, -3, 5]},
			"faces": {
				"north": {"uv": [0.5, 3.25, 1.25, 4.5], "texture": "#0"},
				"east": {"uv": [0.5, 3.25, 0.5, 4.5], "texture": "#0"},
				"south": {"uv": [1.25, 3.25, 2, 4.5], "texture": "#0"},
				"west": {"uv": [1.25, 3.25, 1.25, 4.5], "texture": "#0"},
				"up": {"uv": [1.25, 3.25, 0.5, 3.25], "texture": "#0"},
				"down": {"uv": [2, 3.25, 1.25, 3.25], "texture": "#0"}
			}
		},
		{
			"name": "right_leg",
			"from": [10, -7, 9],
			"to": [13, -2, 9],
			"rotation": {"angle": 45, "axis": "x", "origin": [8, -3, 5]},
			"faces": {
				"north": {"uv": [0.5, 3.25, 1.25, 4.5], "texture": "#0"},
				"east": {"uv": [0.5, 3.25, 0.5, 4.5], "texture": "#0"},
				"south": {"uv": [1.25, 3.25, 2, 4.5], "texture": "#0"},
				"west": {"uv": [1.25, 3.25, 1.25, 4.5], "texture": "#0"},
				"up": {"uv": [1.25, 3.25, 0.5, 3.25], "texture": "#0"},
				"down": {"uv": [2, 3.25, 1.25, 3.25], "texture": "#0"}
			}
		},
		{
			"name": "left_arm",
			"from": [2, -7, 1],
			"to": [5, -2, 1],
			"rotation": {"angle": 45, "axis": "x", "origin": [8, -3, 5]},
			"faces": {
				"north": {"uv": [0.5, 3.25, 1.25, 4.5], "texture": "#0"},
				"east": {"uv": [0.5, 3.25, 0.5, 4.5], "texture": "#0"},
				"south": {"uv": [1.25, 3.25, 2, 4.5], "texture": "#0"},
				"west": {"uv": [1.25, 3.25, 1.25, 4.5], "texture": "#0"},
				"up": {"uv": [1.25, 3.25, 0.5, 3.25], "texture": "#0"},
				"down": {"uv": [2, 3.25, 1.25, 3.25], "texture": "#0"}
			}
		},
		{
			"name": "left_leg",
			"from": [3, -7, 9],
			"to": [6, -2, 9],
			"rotation": {"angle": 45, "axis": "x", "origin": [8, -3, 5]},
			"faces": {
				"north": {"uv": [0.5, 3.25, 1.25, 4.5], "texture": "#0"},
				"east": {"uv": [0.5, 3.25, 0.5, 4.5], "texture": "#0"},
				"south": {"uv": [1.25, 3.25, 2, 4.5], "texture": "#0"},
				"west": {"uv": [1.25, 3.25, 1.25, 4.5], "texture": "#0"},
				"up": {"uv": [1.25, 3.25, 0.5, 3.25], "texture": "#0"},
				"down": {"uv": [2, 3.25, 1.25, 3.25], "texture": "#0"}
			}
		},
		{
			"name": "tail",
			"from": [8, -3, 9],
			"to": [8, 2, 21],
			"rotation": {"angle": 45, "axis": "x", "origin": [8, -3, 5]},
			"faces": {
				"north": {"uv": [3.5, 7.75, 3.5, 9], "texture": "#0"},
				"east": {"uv": [0.5, 7.75, 3.5, 9], "texture": "#0"},
				"south": {"uv": [6.5, 7.75, 6.5, 9], "texture": "#0"},
				"west": {"uv": [3.5, 7.75, 0.5, 9], "texture": "#0"},
				"up": {"uv": [3.5, 7.75, 3.5, 4.75], "texture": "#0"},
				"down": {"uv": [3.5, 4.75, 3.5, 7.75], "texture": "#0"}
			}
		},
		{
			"name": "head",
			"from": [4, 0, -2],
			"to": [12, 5, 3],
			"rotation": {"angle": 0, "axis": "y", "origin": [8, 0, 8]},
			"faces": {
				"north": {"uv": [1.25, 1.5, 3.25, 2.75], "texture": "#0"},
				"east": {"uv": [0, 1.5, 1.25, 2.75], "texture": "#0"},
				"south": {"uv": [4.5, 1.5, 6.5, 2.75], "texture": "#0"},
				"west": {"uv": [3.25, 1.5, 4.5, 2.75], "texture": "#0"},
				"up": {"uv": [3.25, 1.5, 1.25, 0.25], "texture": "#0"},
				"down": {"uv": [5.25, 0.25, 3.25, 1.5], "texture": "#0"}
			}
		},
		{
			"name": "left_gills",
			"from": [1, 0, 2],
			"to": [4, 7, 2],
			"rotation": {"angle": 0, "axis": "y", "origin": [8, 0, 8]},
			"faces": {
				"north": {"uv": [2.75, 10, 3.5, 11.75], "texture": "#0"},
				"east": {"uv": [2.75, 10, 2.75, 11.75], "texture": "#0"},
				"south": {"uv": [0, 10, 0.75, 11.75], "texture": "#0"},
				"west": {"uv": [3.5, 10, 3.5, 11.75], "texture": "#0"},
				"up": {"uv": [3.5, 10, 2.75, 10], "texture": "#0"},
				"down": {"uv": [4.25, 10, 3.5, 10], "texture": "#0"}
			}
		},
		{
			"name": "right_gills",
			"from": [12, 0, 2],
			"to": [15, 7, 2],
			"rotation": {"angle": 0, "axis": "y", "origin": [8, 0, 8]},
			"faces": {
				"north": {"uv": [0, 10, 0.75, 11.75], "texture": "#0"},
				"east": {"uv": [0, 10, 0, 11.75], "texture": "#0"},
				"south": {"uv": [2.75, 10, 3.5, 11.75], "texture": "#0"},
				"west": {"uv": [0.75, 10, 0.75, 11.75], "texture": "#0"},
				"up": {"uv": [0.75, 10, 0, 10], "texture": "#0"},
				"down": {"uv": [1.5, 10, 0.75, 10], "texture": "#0"}
			}
		},
		{
			"name": "top_gills",
			"from": [4, 5, 2],
			"to": [12, 8, 2],
			"rotation": {"angle": 0, "axis": "y", "origin": [8, 0, 8]},
			"faces": {
				"north": {"uv": [0.75, 9.25, 2.75, 10], "texture": "#0"},
				"east": {"uv": [0.75, 9.25, 0.75, 10], "texture": "#0"},
				"south": {"uv": [0.75, 9.25, 2.75, 10], "texture": "#0"},
				"west": {"uv": [2.75, 9.25, 2.75, 10], "texture": "#0"},
				"up": {"uv": [2.75, 9.25, 0.75, 9.25], "texture": "#0"},
				"down": {"uv": [4.75, 9.25, 2.75, 9.25], "texture": "#0"}
			}
		}
	],
	"display": {
		"thirdperson_righthand": {
			"rotation": [34, 180, 0],
			"translation": [-0.25, 7, 5],
			"scale": [0.59, 0.59, 0.59]
		},
		"thirdperson_lefthand": {
			"rotation": [34, 180, 0],
			"translation": [-0.25, 7, 5],
			"scale": [0.59, 0.59, 0.59]
		},
		"firstperson_righthand": {
			"rotation": [-20, 129, 0],
			"translation": [5.75, 3.25, -4.25],
			"scale": [0.49, 0.49, 0.49]
		},
		"firstperson_lefthand": {
			"rotation": [-20, 129, 0],
			"translation": [5.75, 3.25, -4.25],
			"scale": [0.49, 0.49, 0.49]
		},
		"ground": {
			"rotation": [-41, 0, 0],
			"translation": [0, 9, -3]
		},
		"gui": {
			"rotation": [23, 131, 0],
			"translation": [1.75, 5.75, 0]
		},
		"head": {
			"translation": [0, 16.25, 8]
		},
		"fixed": {
			"rotation": [-68, 180, 0],
			"translation": [0, 0.75, -14]
		}
	},
	"groups": [
		{
			"name": "root",
			"origin": [8, -4, 8],
			"color": 0,
			"children": [
				{
					"name": "body",
					"origin": [8, 3, 12],
					"color": 0,
					"children": [
						0,
						1,
						{
							"name": "right_arm",
							"origin": [12, 1, 4],
							"color": 0,
							"children": [2]
						},
						{
							"name": "right_leg",
							"origin": [12, 1, 12],
							"color": 0,
							"children": [3]
						},
						{
							"name": "left_arm",
							"origin": [4, 1, 4],
							"color": 0,
							"children": [4]
						},
						{
							"name": "left_leg",
							"origin": [4, 1, 12],
							"color": 0,
							"children": [5]
						},
						{
							"name": "tail",
							"origin": [8, 2, 12],
							"color": 0,
							"children": [6]
						},
						{
							"name": "head",
							"origin": [8, 2, 3],
							"color": 0,
							"reset": true,
							"children": [
								7,
								{
									"name": "left_gills",
									"origin": [4, 2, 2],
									"color": 0,
									"children": [8]
								},
								{
									"name": "right_gills",
									"origin": [12, 2, 2],
									"color": 0,
									"children": [9]
								},
								{
									"name": "top_gills",
									"origin": [8, 5, 2],
									"color": 0,
									"children": [10]
								}
							]
						}
					]
				}
			]
		}
	]
}