{
	"credit": "Made with Blockbench",
	"texture_size": [32, 32],
	"textures": {
		"0": "block/custom/horntexture",
		"particle": "block/custom/horntexture"
	},
	"elements": [
		{
			"from": [0.5, 13.5, 8],
			"to": [2, 15.25, 10],
			"rotation": {"angle": -45, "axis": "z", "origin": [1.75, 14.25, 7.25]},
			"faces": {
				"north": {"uv": [1, 1.625, 1.875, 2.375], "rotation": 270, "texture": "#0"},
				"east": {"uv": [1, 0.5, 1.875, 1.5], "rotation": 90, "texture": "#0"},
				"south": {"uv": [1, 1.625, 1.875, 2.375], "rotation": 90, "texture": "#0"},
				"west": {"uv": [1, 0.5, 1.875, 1.5], "rotation": 90, "texture": "#0"},
				"up": {"uv": [1, 1.625, 2, 2.375], "rotation": 90, "texture": "#0"},
				"down": {"uv": [1, 1.625, 2, 2.375], "rotation": 90, "texture": "#0"}
			}
		},
		{
			"from": [-0.5, 14.5, 8],
			"to": [0.5, 15.25, 10],
			"rotation": {"angle": -45, "axis": "z", "origin": [1.75, 14.25, 7.25]},
			"faces": {
				"north": {"uv": [10, 3, 9, 3.5], "texture": "#0"},
				"east": {"uv": [1, 10.5, 0, 11], "texture": "#0"},
				"south": {"uv": [10.5, 10, 9.5, 10.5], "texture": "#0"},
				"west": {"uv": [11, 3, 10, 3.5], "texture": "#0"},
				"up": {"uv": [5, 4.5, 6, 3.5], "texture": "#0"},
				"down": {"uv": [7.5, 9, 8.5, 10], "texture": "#0"}
			}
		},
		{
			"from": [9.5, -2, 7],
			"to": [14.5, 7, 11],
			"rotation": {"angle": -22.5, "axis": "z", "origin": [13.5, 0, 7]},
			"faces": {
				"north": {"uv": [0, 0, 2.5, 4.5], "texture": "#0"},
				"east": {"uv": [0, 4.5, 2, 9], "texture": "#0"},
				"south": {"uv": [2.5, 0, 5, 4.5], "texture": "#0"},
				"west": {"uv": [2, 4.5, 4, 9], "texture": "#0"},
				"up": {"uv": [8.5, 9, 6, 7], "texture": "#0"},
				"down": {"uv": [10.5, 3.5, 8, 5.5], "texture": "#0"}
			}
		},
		{
			"from": [13, 5.75, 7.25],
			"to": [17, 12.5, 10.75],
			"rotation": {"angle": 22.5, "axis": "z", "origin": [16, 6, 7]},
			"faces": {
				"north": {"uv": [4, 4.5, 6, 8], "texture": "#0"},
				"east": {"uv": [5, 0, 7, 3.5], "texture": "#0"},
				"south": {"uv": [6, 3.5, 8, 7], "texture": "#0"},
				"west": {"uv": [7, 0, 9, 3.5], "texture": "#0"},
				"up": {"uv": [6, 10, 4, 8], "texture": "#0"},
				"down": {"uv": [10.5, 5.5, 8.5, 7.5], "texture": "#0"}
			}
		},
		{
			"from": [10.25, 10.25, 7.5],
			"to": [15, 13, 10.5],
			"rotation": {"angle": 45, "axis": "z", "origin": [12, 12, 7]},
			"faces": {
				"north": {"uv": [8.5, 7.5, 11, 9], "texture": "#0"},
				"east": {"uv": [2.5, 9, 4, 10.5], "texture": "#0"},
				"south": {"uv": [0, 9, 2.5, 10.5], "texture": "#0"},
				"west": {"uv": [6, 9, 7.5, 10.5], "texture": "#0"},
				"up": {"uv": [11.5, 1.5, 9, 0], "texture": "#0"},
				"down": {"uv": [11.5, 1.5, 9, 3], "texture": "#0"}
			}
		},
		{
			"from": [15.5, 14.5, 8],
			"to": [16.5, 15.25, 10],
			"rotation": {"angle": 45, "axis": "z", "origin": [14.25, 14.25, 7.25]},
			"faces": {
				"north": {"uv": [9, 3, 10, 3.5], "texture": "#0"},
				"east": {"uv": [10, 3, 11, 3.5], "texture": "#0"},
				"south": {"uv": [9.5, 10, 10.5, 10.5], "texture": "#0"},
				"west": {"uv": [0, 10.5, 1, 11], "texture": "#0"},
				"up": {"uv": [6, 4.5, 5, 3.5], "texture": "#0"},
				"down": {"uv": [8.5, 9, 7.5, 10], "texture": "#0"}
			}
		},
		{
			"from": [-1, 5.75, 7.25],
			"to": [3, 12.5, 10.75],
			"rotation": {"angle": -22.5, "axis": "z", "origin": [0, 6, 7]},
			"faces": {
				"north": {"uv": [6, 4.5, 4, 8], "texture": "#0"},
				"east": {"uv": [9, 0, 7, 3.5], "texture": "#0"},
				"south": {"uv": [8, 3.5, 6, 7], "texture": "#0"},
				"west": {"uv": [7, 0, 5, 3.5], "texture": "#0"},
				"up": {"uv": [4, 10, 6, 8], "texture": "#0"},
				"down": {"uv": [8.5, 5.5, 10.5, 7.5], "texture": "#0"}
			}
		},
		{
			"from": [1.5, -2, 7],
			"to": [6.5, 7, 11],
			"rotation": {"angle": 22.5, "axis": "z", "origin": [2.5, 0, 7]},
			"faces": {
				"north": {"uv": [2.5, 0, 0, 4.5], "texture": "#0"},
				"east": {"uv": [4, 4.5, 2, 9], "texture": "#0"},
				"south": {"uv": [5, 0, 2.5, 4.5], "texture": "#0"},
				"west": {"uv": [2, 4.5, 0, 9], "texture": "#0"},
				"up": {"uv": [6, 9, 8.5, 7], "texture": "#0"},
				"down": {"uv": [8, 3.5, 10.5, 5.5], "texture": "#0"}
			}
		},
		{
			"from": [1, 10.25, 7.5],
			"to": [5.75, 13, 10.5],
			"rotation": {"angle": -45, "axis": "z", "origin": [4, 12, 7]},
			"faces": {
				"north": {"uv": [11, 7.5, 8.5, 9], "texture": "#0"},
				"east": {"uv": [7.5, 9, 6, 10.5], "texture": "#0"},
				"south": {"uv": [2.5, 9, 0, 10.5], "texture": "#0"},
				"west": {"uv": [4, 9, 2.5, 10.5], "texture": "#0"},
				"up": {"uv": [9, 1.5, 11.5, 0], "texture": "#0"},
				"down": {"uv": [9, 1.5, 11.5, 3], "texture": "#0"}
			}
		},
		{
			"from": [14, 13.5, 8],
			"to": [15.5, 15.25, 10],
			"rotation": {"angle": 45, "axis": "z", "origin": [14.25, 14.25, 7.25]},
			"faces": {
				"north": {"uv": [1, 2.375, 1.875, 1.625], "rotation": 270, "texture": "#0"},
				"east": {"uv": [1, 1.5, 1.875, 0.5], "rotation": 90, "texture": "#0"},
				"south": {"uv": [1, 2.375, 1.875, 1.625], "rotation": 90, "texture": "#0"},
				"west": {"uv": [1, 1.5, 1.875, 0.5], "rotation": 90, "texture": "#0"},
				"up": {"uv": [1, 2.375, 2, 1.625], "rotation": 90, "texture": "#0"},
				"down": {"uv": [1, 2.375, 2, 1.625], "rotation": 90, "texture": "#0"}
			}
		}
	],
	"display": {
		"head": {
			"translation": [0, 9, 0.25]
		}
	},
	"groups": [
		{
			"name": "group",
			"origin": [1.4, 2, 6.6],
			"color": 0,
			"children": [0, 1, 2, 3, 4, 5, 6, 7, 8, 9]
		}
	]
}