{
	"credit": "Made with Blockbench",
	"texture_size": [128, 128],
	"textures": {
		"1": "block/custom/mushroom"
	},
	"elements": [
		{
			"from": [2, 8, 2],
			"to": [14, 9, 14],
			"faces": {
				"north": {"uv": [4, 0.625, 5.5, 0.75], "texture": "#1", "tintindex": 0},
				"east": {"uv": [4, 0.75, 5.5, 0.875], "texture": "#1", "tintindex": 0},
				"south": {"uv": [4, 0.875, 5.5, 1], "texture": "#1", "tintindex": 0},
				"west": {"uv": [4.5, 1, 6, 1.125], "texture": "#1", "tintindex": 0},
				"up": {"uv": [1.5, 1.5, 0, 0], "texture": "#1", "tintindex": 0},
				"down": {"uv": [1.5, 1.5, 0, 3], "texture": "#1", "tintindex": 0}
			}
		},
		{
			"from": [1, 7, 2],
			"to": [2, 12, 14],
			"faces": {
				"north": {"uv": [3.5, 5, 3.625, 5.625], "texture": "#1", "tintindex": 0},
				"east": {"uv": [1, 3, 2.5, 3.625], "texture": "#1", "tintindex": 0},
				"south": {"uv": [5, 3.5, 5.125, 4.125], "texture": "#1", "tintindex": 0},
				"west": {"uv": [3, 1, 4.5, 1.625], "texture": "#1", "tintindex": 0},
				"up": {"uv": [0.125, 6, 0, 4.5], "texture": "#1", "tintindex": 0},
				"down": {"uv": [0.25, 4.5, 0.125, 6], "texture": "#1", "tintindex": 0}
			}
		},
		{
			"from": [14, 7, 2],
			"to": [15, 12, 14],
			"faces": {
				"north": {"uv": [3.625, 5, 3.75, 5.625], "texture": "#1", "tintindex": 0},
				"east": {"uv": [3, 1.625, 4.5, 2.25], "texture": "#1", "tintindex": 0},
				"south": {"uv": [3.75, 5, 3.875, 5.625], "texture": "#1", "tintindex": 0},
				"west": {"uv": [3, 2.25, 4.5, 2.875], "texture": "#1", "tintindex": 0},
				"up": {"uv": [0.375, 6, 0.25, 4.5], "texture": "#1", "tintindex": 0},
				"down": {"uv": [0.5, 4.5, 0.375, 6], "texture": "#1", "tintindex": 0}
			}
		},
		{
			"from": [2, 7, 1],
			"to": [14, 12, 2],
			"faces": {
				"north": {"uv": [2.5, 3, 4, 3.625], "texture": "#1", "tintindex": 0},
				"east": {"uv": [3.875, 5, 4, 5.625], "texture": "#1", "tintindex": 0},
				"south": {"uv": [1, 3.625, 2.5, 4.25], "texture": "#1", "tintindex": 0},
				"west": {"uv": [4, 5, 4.125, 5.625], "texture": "#1", "tintindex": 0},
				"up": {"uv": [6, 1.25, 4.5, 1.125], "texture": "#1", "tintindex": 0},
				"down": {"uv": [6, 1.25, 4.5, 1.375], "texture": "#1", "tintindex": 0}
			}
		},
		{
			"from": [2, 7, 14],
			"to": [14, 12, 15],
			"faces": {
				"north": {"uv": [2.5, 3.625, 4, 4.25], "texture": "#1", "tintindex": 0},
				"east": {"uv": [4.125, 5, 4.25, 5.625], "texture": "#1", "tintindex": 0},
				"south": {"uv": [4, 0, 5.5, 0.625], "texture": "#1", "tintindex": 0},
				"west": {"uv": [5, 4.125, 5.125, 4.75], "texture": "#1", "tintindex": 0},
				"up": {"uv": [6, 1.5, 4.5, 1.375], "texture": "#1", "tintindex": 0},
				"down": {"uv": [6, 1.5, 4.5, 1.625], "texture": "#1", "tintindex": 0}
			}
		},
		{
			"from": [4, 7, 15],
			"to": [12, 11, 16],
			"faces": {
				"north": {"uv": [0, 4, 1, 4.5], "texture": "#1", "tintindex": 0},
				"east": {"uv": [4.25, 5, 4.375, 5.5], "texture": "#1", "tintindex": 0},
				"south": {"uv": [4, 2.875, 5, 3.375], "texture": "#1", "tintindex": 0},
				"west": {"uv": [4.375, 5, 4.5, 5.5], "texture": "#1", "tintindex": 0},
				"up": {"uv": [4, 3, 3, 2.875], "texture": "#1", "tintindex": 0},
				"down": {"uv": [5.5, 2.125, 4.5, 2.25], "texture": "#1", "tintindex": 0}
			}
		},
		{
			"from": [4, 7, 0],
			"to": [12, 11, 1],
			"faces": {
				"north": {"uv": [4, 3.375, 5, 3.875], "texture": "#1", "tintindex": 0},
				"east": {"uv": [4.5, 5, 4.625, 5.5], "texture": "#1", "tintindex": 0},
				"south": {"uv": [4, 3.875, 5, 4.375], "texture": "#1", "tintindex": 0},
				"west": {"uv": [4.625, 5, 4.75, 5.5], "texture": "#1", "tintindex": 0},
				"up": {"uv": [5.5, 2.375, 4.5, 2.25], "texture": "#1", "tintindex": 0},
				"down": {"uv": [5.5, 2.375, 4.5, 2.5], "texture": "#1", "tintindex": 0}
			}
		},
		{
			"from": [0, 7, 4],
			"to": [1, 11, 12],
			"faces": {
				"north": {"uv": [4.75, 5, 4.875, 5.5], "texture": "#1", "tintindex": 0},
				"east": {"uv": [1, 4.25, 2, 4.75], "texture": "#1", "tintindex": 0},
				"south": {"uv": [4.875, 5, 5, 5.5], "texture": "#1", "tintindex": 0},
				"west": {"uv": [2, 4.25, 3, 4.75], "texture": "#1", "tintindex": 0},
				"up": {"uv": [0.625, 5.5, 0.5, 4.5], "texture": "#1", "tintindex": 0},
				"down": {"uv": [0.75, 4.5, 0.625, 5.5], "texture": "#1", "tintindex": 0}
			}
		},
		{
			"from": [15, 7, 4],
			"to": [16, 11, 12],
			"faces": {
				"north": {"uv": [5, 5, 5.125, 5.5], "texture": "#1", "tintindex": 0},
				"east": {"uv": [3, 4.25, 4, 4.75], "texture": "#1", "tintindex": 0},
				"south": {"uv": [1.25, 5.125, 1.375, 5.625], "texture": "#1", "tintindex": 0},
				"west": {"uv": [4, 4.375, 5, 4.875], "texture": "#1", "tintindex": 0},
				"up": {"uv": [0.875, 5.5, 0.75, 4.5], "texture": "#1", "tintindex": 0},
				"down": {"uv": [1, 4.5, 0.875, 5.5], "texture": "#1", "tintindex": 0}
			}
		},
		{
			"from": [2, 12, 2],
			"to": [14, 13, 14],
			"faces": {
				"north": {"uv": [4.5, 1.625, 6, 1.75], "texture": "#1", "tintindex": 0},
				"east": {"uv": [4.5, 1.75, 6, 1.875], "texture": "#1", "tintindex": 0},
				"south": {"uv": [4.5, 1.875, 6, 2], "texture": "#1", "tintindex": 0},
				"west": {"uv": [4.5, 2, 6, 2.125], "texture": "#1", "tintindex": 0},
				"up": {"uv": [3, 1.5, 1.5, 0], "texture": "#1", "tintindex": 0},
				"down": {"uv": [3, 1.5, 1.5, 3], "texture": "#1", "tintindex": 0}
			}
		},
		{
			"from": [14, 12, 4],
			"to": [15, 13, 12],
			"faces": {
				"north": {"uv": [3.125, 5.125, 3.25, 5.25], "texture": "#1", "tintindex": 0},
				"east": {"uv": [4.5, 2.5, 5.5, 2.625], "texture": "#1", "tintindex": 0},
				"south": {"uv": [3.25, 5.125, 3.375, 5.25], "texture": "#1", "tintindex": 0},
				"west": {"uv": [4.5, 2.625, 5.5, 2.75], "texture": "#1", "tintindex": 0},
				"up": {"uv": [1.125, 5.75, 1, 4.75], "texture": "#1", "tintindex": 0},
				"down": {"uv": [1.25, 4.75, 1.125, 5.75], "texture": "#1", "tintindex": 0}
			}
		},
		{
			"from": [1, 12, 4],
			"to": [2, 13, 12],
			"faces": {
				"north": {"uv": [3.375, 5.125, 3.5, 5.25], "texture": "#1", "tintindex": 0},
				"east": {"uv": [4.5, 2.75, 5.5, 2.875], "texture": "#1", "tintindex": 0},
				"south": {"uv": [5.125, 4.5, 5.25, 4.625], "texture": "#1", "tintindex": 0},
				"west": {"uv": [1.25, 4.75, 2.25, 4.875], "texture": "#1", "tintindex": 0},
				"up": {"uv": [2.375, 5.75, 2.25, 4.75], "texture": "#1", "tintindex": 0},
				"down": {"uv": [2.5, 4.75, 2.375, 5.75], "texture": "#1", "tintindex": 0}
			}
		},
		{
			"from": [4, 12, 14],
			"to": [12, 13, 15],
			"faces": {
				"north": {"uv": [2.5, 4.75, 3.5, 4.875], "texture": "#1", "tintindex": 0},
				"east": {"uv": [5.125, 4.625, 5.25, 4.75], "texture": "#1", "tintindex": 0},
				"south": {"uv": [1.25, 4.875, 2.25, 5], "texture": "#1", "tintindex": 0},
				"west": {"uv": [5.125, 5, 5.25, 5.125], "texture": "#1", "tintindex": 0},
				"up": {"uv": [3.5, 5, 2.5, 4.875], "texture": "#1", "tintindex": 0},
				"down": {"uv": [4.5, 4.875, 3.5, 5], "texture": "#1", "tintindex": 0}
			}
		},
		{
			"from": [4, 12, 1],
			"to": [12, 13, 2],
			"faces": {
				"north": {"uv": [4.5, 4.875, 5.5, 5], "texture": "#1", "tintindex": 0},
				"east": {"uv": [5.125, 5.125, 5.25, 5.25], "texture": "#1", "tintindex": 0},
				"south": {"uv": [1.25, 5, 2.25, 5.125], "texture": "#1", "tintindex": 0},
				"west": {"uv": [1.625, 5.25, 1.75, 5.375], "texture": "#1", "tintindex": 0},
				"up": {"uv": [3.5, 5.125, 2.5, 5], "texture": "#1", "tintindex": 0},
				"down": {"uv": [6, 2.875, 5, 3], "texture": "#1", "tintindex": 0}
			}
		},
		{
			"from": [4, 13, 4],
			"to": [12, 14, 12],
			"faces": {
				"north": {"uv": [5, 3, 6, 3.125], "texture": "#1", "tintindex": 0},
				"east": {"uv": [5, 3.125, 6, 3.25], "texture": "#1", "tintindex": 0},
				"south": {"uv": [5, 3.25, 6, 3.375], "texture": "#1", "tintindex": 0},
				"west": {"uv": [5, 3.375, 6, 3.5], "texture": "#1", "tintindex": 0},
				"up": {"uv": [1, 4, 0, 3], "texture": "#1", "tintindex": 0},
				"down": {"uv": [4, 0, 3, 1], "texture": "#1", "tintindex": 0}
			}
		},
		{
			"from": [3, 13, 6],
			"to": [4, 14, 10],
			"faces": {
				"north": {"uv": [1.75, 5.25, 1.875, 5.375], "texture": "#1", "tintindex": 0},
				"east": {"uv": [3.5, 4.75, 4, 4.875], "texture": "#1", "tintindex": 0},
				"south": {"uv": [1.875, 5.25, 2, 5.375], "texture": "#1", "tintindex": 0},
				"west": {"uv": [5, 4.75, 5.5, 4.875], "texture": "#1", "tintindex": 0},
				"up": {"uv": [1.5, 5.625, 1.375, 5.125], "texture": "#1", "tintindex": 0},
				"down": {"uv": [1.625, 5.125, 1.5, 5.625], "texture": "#1", "tintindex": 0}
			}
		},
		{
			"from": [12, 13, 6],
			"to": [13, 14, 10],
			"faces": {
				"north": {"uv": [2, 5.25, 2.125, 5.375], "texture": "#1", "tintindex": 0},
				"east": {"uv": [1.625, 5.125, 2.125, 5.25], "texture": "#1", "tintindex": 0},
				"south": {"uv": [2.5, 5.25, 2.625, 5.375], "texture": "#1", "tintindex": 0},
				"west": {"uv": [2.5, 5.125, 3, 5.25], "texture": "#1", "tintindex": 0},
				"up": {"uv": [2.25, 5.625, 2.125, 5.125], "texture": "#1", "tintindex": 0},
				"down": {"uv": [3.125, 5.125, 3, 5.625], "texture": "#1", "tintindex": 0}
			}
		},
		{
			"from": [6, 13, 3],
			"to": [10, 14, 4],
			"faces": {
				"north": {"uv": [5.125, 3.5, 5.625, 3.625], "texture": "#1", "tintindex": 0},
				"east": {"uv": [2.625, 5.25, 2.75, 5.375], "texture": "#1", "tintindex": 0},
				"south": {"uv": [5.125, 3.625, 5.625, 3.75], "texture": "#1", "tintindex": 0},
				"west": {"uv": [2.75, 5.25, 2.875, 5.375], "texture": "#1", "tintindex": 0},
				"up": {"uv": [5.625, 3.875, 5.125, 3.75], "texture": "#1", "tintindex": 0},
				"down": {"uv": [5.625, 3.875, 5.125, 4], "texture": "#1", "tintindex": 0}
			}
		},
		{
			"from": [6, 13, 12],
			"to": [10, 14, 13],
			"faces": {
				"north": {"uv": [5.125, 4, 5.625, 4.125], "texture": "#1", "tintindex": 0},
				"east": {"uv": [2.875, 5.25, 3, 5.375], "texture": "#1", "tintindex": 0},
				"south": {"uv": [5.125, 4.125, 5.625, 4.25], "texture": "#1", "tintindex": 0},
				"west": {"uv": [3.125, 5.25, 3.25, 5.375], "texture": "#1", "tintindex": 0},
				"up": {"uv": [5.625, 4.375, 5.125, 4.25], "texture": "#1", "tintindex": 0},
				"down": {"uv": [5.625, 4.375, 5.125, 4.5], "texture": "#1", "tintindex": 0}
			}
		},
		{
			"from": [2, 8, 2],
			"to": [14, 9, 14],
			"faces": {
				"north": {"uv": [11.375, 0.625, 12.875, 0.75], "texture": "#1"},
				"east": {"uv": [11.375, 0.75, 12.875, 0.875], "texture": "#1"},
				"south": {"uv": [11.375, 0.875, 12.875, 1], "texture": "#1"},
				"west": {"uv": [11.875, 1, 13.375, 1.125], "texture": "#1"},
				"up": {"uv": [8.875, 1.5, 7.375, 0], "texture": "#1"},
				"down": {"uv": [8.875, 1.5, 7.375, 3], "texture": "#1"}
			}
		},
		{
			"from": [1, 7, 2],
			"to": [2, 12, 14],
			"faces": {
				"north": {"uv": [10.875, 5, 11, 5.625], "texture": "#1"},
				"east": {"uv": [8.375, 3, 9.875, 3.625], "texture": "#1"},
				"south": {"uv": [12.375, 3.5, 12.5, 4.125], "texture": "#1"},
				"west": {"uv": [10.375, 1, 11.875, 1.625], "texture": "#1"},
				"up": {"uv": [7.5, 6, 7.375, 4.5], "texture": "#1"},
				"down": {"uv": [7.625, 4.5, 7.5, 6], "texture": "#1"}
			}
		},
		{
			"from": [14, 7, 2],
			"to": [15, 12, 14],
			"faces": {
				"north": {"uv": [11, 5, 11.125, 5.625], "texture": "#1"},
				"east": {"uv": [10.375, 1.625, 11.875, 2.25], "texture": "#1"},
				"south": {"uv": [11.125, 5, 11.25, 5.625], "texture": "#1"},
				"west": {"uv": [10.375, 2.25, 11.875, 2.875], "texture": "#1"},
				"up": {"uv": [7.75, 6, 7.625, 4.5], "texture": "#1"},
				"down": {"uv": [7.875, 4.5, 7.75, 6], "texture": "#1"}
			}
		},
		{
			"from": [2, 7, 1],
			"to": [14, 12, 2],
			"faces": {
				"north": {"uv": [9.875, 3, 11.375, 3.625], "texture": "#1"},
				"east": {"uv": [11.25, 5, 11.375, 5.625], "texture": "#1"},
				"south": {"uv": [8.375, 3.625, 9.875, 4.25], "texture": "#1"},
				"west": {"uv": [11.375, 5, 11.5, 5.625], "texture": "#1"},
				"up": {"uv": [13.375, 1.25, 11.875, 1.125], "texture": "#1"},
				"down": {"uv": [13.375, 1.25, 11.875, 1.375], "texture": "#1"}
			}
		},
		{
			"from": [2, 7, 14],
			"to": [14, 12, 15],
			"faces": {
				"north": {"uv": [9.875, 3.625, 11.375, 4.25], "texture": "#1"},
				"east": {"uv": [11.5, 5, 11.625, 5.625], "texture": "#1"},
				"south": {"uv": [11.375, 0, 12.875, 0.625], "texture": "#1"},
				"west": {"uv": [12.375, 4.125, 12.5, 4.75], "texture": "#1"},
				"up": {"uv": [13.375, 1.5, 11.875, 1.375], "texture": "#1"},
				"down": {"uv": [13.375, 1.5, 11.875, 1.625], "texture": "#1"}
			}
		},
		{
			"from": [4, 7, 15],
			"to": [12, 11, 16],
			"faces": {
				"north": {"uv": [7.375, 4, 8.375, 4.5], "texture": "#1"},
				"east": {"uv": [11.625, 5, 11.75, 5.5], "texture": "#1"},
				"south": {"uv": [11.375, 2.875, 12.375, 3.375], "texture": "#1"},
				"west": {"uv": [11.75, 5, 11.875, 5.5], "texture": "#1"},
				"up": {"uv": [11.375, 3, 10.375, 2.875], "texture": "#1"},
				"down": {"uv": [12.875, 2.125, 11.875, 2.25], "texture": "#1"}
			}
		},
		{
			"from": [4, 7, 0],
			"to": [12, 11, 1],
			"faces": {
				"north": {"uv": [11.375, 3.375, 12.375, 3.875], "texture": "#1"},
				"east": {"uv": [11.875, 5, 12, 5.5], "texture": "#1"},
				"south": {"uv": [11.375, 3.875, 12.375, 4.375], "texture": "#1"},
				"west": {"uv": [12, 5, 12.125, 5.5], "texture": "#1"},
				"up": {"uv": [12.875, 2.375, 11.875, 2.25], "texture": "#1"},
				"down": {"uv": [12.875, 2.375, 11.875, 2.5], "texture": "#1"}
			}
		},
		{
			"from": [0, 7, 4],
			"to": [1, 11, 12],
			"faces": {
				"north": {"uv": [12.125, 5, 12.25, 5.5], "texture": "#1"},
				"east": {"uv": [8.375, 4.25, 9.375, 4.75], "texture": "#1"},
				"south": {"uv": [12.25, 5, 12.375, 5.5], "texture": "#1"},
				"west": {"uv": [9.375, 4.25, 10.375, 4.75], "texture": "#1"},
				"up": {"uv": [8, 5.5, 7.875, 4.5], "texture": "#1"},
				"down": {"uv": [8.125, 4.5, 8, 5.5], "texture": "#1"}
			}
		},
		{
			"from": [15, 7, 4],
			"to": [16, 11, 12],
			"faces": {
				"north": {"uv": [12.375, 5, 12.5, 5.5], "texture": "#1"},
				"east": {"uv": [10.375, 4.25, 11.375, 4.75], "texture": "#1"},
				"south": {"uv": [8.625, 5.125, 8.75, 5.625], "texture": "#1"},
				"west": {"uv": [11.375, 4.375, 12.375, 4.875], "texture": "#1"},
				"up": {"uv": [8.25, 5.5, 8.125, 4.5], "texture": "#1"},
				"down": {"uv": [8.375, 4.5, 8.25, 5.5], "texture": "#1"}
			}
		},
		{
			"from": [2, 12, 2],
			"to": [14, 13, 14],
			"faces": {
				"north": {"uv": [11.875, 1.625, 13.375, 1.75], "texture": "#1"},
				"east": {"uv": [11.875, 1.75, 13.375, 1.875], "texture": "#1"},
				"south": {"uv": [11.875, 1.875, 13.375, 2], "texture": "#1"},
				"west": {"uv": [11.875, 2, 13.375, 2.125], "texture": "#1"},
				"up": {"uv": [10.375, 1.5, 8.875, 0], "texture": "#1"},
				"down": {"uv": [10.375, 1.5, 8.875, 3], "texture": "#1"}
			}
		},
		{
			"from": [14, 12, 4],
			"to": [15, 13, 12],
			"faces": {
				"north": {"uv": [10.5, 5.125, 10.625, 5.25], "texture": "#1"},
				"east": {"uv": [11.875, 2.5, 12.875, 2.625], "texture": "#1"},
				"south": {"uv": [10.625, 5.125, 10.75, 5.25], "texture": "#1"},
				"west": {"uv": [11.875, 2.625, 12.875, 2.75], "texture": "#1"},
				"up": {"uv": [8.5, 5.75, 8.375, 4.75], "texture": "#1"},
				"down": {"uv": [8.625, 4.75, 8.5, 5.75], "texture": "#1"}
			}
		},
		{
			"from": [1, 12, 4],
			"to": [2, 13, 12],
			"faces": {
				"north": {"uv": [10.75, 5.125, 10.875, 5.25], "texture": "#1"},
				"east": {"uv": [11.875, 2.75, 12.875, 2.875], "texture": "#1"},
				"south": {"uv": [12.5, 4.5, 12.625, 4.625], "texture": "#1"},
				"west": {"uv": [8.625, 4.75, 9.625, 4.875], "texture": "#1"},
				"up": {"uv": [9.75, 5.75, 9.625, 4.75], "texture": "#1"},
				"down": {"uv": [9.875, 4.75, 9.75, 5.75], "texture": "#1"}
			}
		},
		{
			"from": [4, 12, 14],
			"to": [12, 13, 15],
			"faces": {
				"north": {"uv": [9.875, 4.75, 10.875, 4.875], "texture": "#1"},
				"east": {"uv": [12.5, 4.625, 12.625, 4.75], "texture": "#1"},
				"south": {"uv": [8.625, 4.875, 9.625, 5], "texture": "#1"},
				"west": {"uv": [12.5, 5, 12.625, 5.125], "texture": "#1"},
				"up": {"uv": [10.875, 5, 9.875, 4.875], "texture": "#1"},
				"down": {"uv": [11.875, 4.875, 10.875, 5], "texture": "#1"}
			}
		},
		{
			"from": [4, 12, 1],
			"to": [12, 13, 2],
			"faces": {
				"north": {"uv": [11.875, 4.875, 12.875, 5], "texture": "#1"},
				"east": {"uv": [12.5, 5.125, 12.625, 5.25], "texture": "#1"},
				"south": {"uv": [8.625, 5, 9.625, 5.125], "texture": "#1"},
				"west": {"uv": [9, 5.25, 9.125, 5.375], "texture": "#1"},
				"up": {"uv": [10.875, 5.125, 9.875, 5], "texture": "#1"},
				"down": {"uv": [13.375, 2.875, 12.375, 3], "texture": "#1"}
			}
		},
		{
			"from": [4, 13, 4],
			"to": [12, 14, 12],
			"faces": {
				"north": {"uv": [12.375, 3, 13.375, 3.125], "texture": "#1"},
				"east": {"uv": [12.375, 3.125, 13.375, 3.25], "texture": "#1"},
				"south": {"uv": [12.375, 3.25, 13.375, 3.375], "texture": "#1"},
				"west": {"uv": [12.375, 3.375, 13.375, 3.5], "texture": "#1"},
				"up": {"uv": [8.375, 4, 7.375, 3], "texture": "#1"},
				"down": {"uv": [11.375, 0, 10.375, 1], "texture": "#1"}
			}
		},
		{
			"from": [3, 13, 6],
			"to": [4, 14, 10],
			"faces": {
				"north": {"uv": [9.125, 5.25, 9.25, 5.375], "texture": "#1"},
				"east": {"uv": [10.875, 4.75, 11.375, 4.875], "texture": "#1"},
				"south": {"uv": [9.25, 5.25, 9.375, 5.375], "texture": "#1"},
				"west": {"uv": [12.375, 4.75, 12.875, 4.875], "texture": "#1"},
				"up": {"uv": [8.875, 5.625, 8.75, 5.125], "texture": "#1"},
				"down": {"uv": [9, 5.125, 8.875, 5.625], "texture": "#1"}
			}
		},
		{
			"from": [12, 13, 6],
			"to": [13, 14, 10],
			"faces": {
				"north": {"uv": [9.375, 5.25, 9.5, 5.375], "texture": "#1"},
				"east": {"uv": [9, 5.125, 9.5, 5.25], "texture": "#1"},
				"south": {"uv": [9.875, 5.25, 10, 5.375], "texture": "#1"},
				"west": {"uv": [9.875, 5.125, 10.375, 5.25], "texture": "#1"},
				"up": {"uv": [9.625, 5.625, 9.5, 5.125], "texture": "#1"},
				"down": {"uv": [10.5, 5.125, 10.375, 5.625], "texture": "#1"}
			}
		},
		{
			"from": [6, 13, 3],
			"to": [10, 14, 4],
			"faces": {
				"north": {"uv": [12.5, 3.5, 13, 3.625], "texture": "#1"},
				"east": {"uv": [10, 5.25, 10.125, 5.375], "texture": "#1"},
				"south": {"uv": [12.5, 3.625, 13, 3.75], "texture": "#1"},
				"west": {"uv": [10.125, 5.25, 10.25, 5.375], "texture": "#1"},
				"up": {"uv": [13, 3.875, 12.5, 3.75], "texture": "#1"},
				"down": {"uv": [13, 3.875, 12.5, 4], "texture": "#1"}
			}
		},
		{
			"from": [6, 13, 12],
			"to": [10, 14, 13],
			"faces": {
				"north": {"uv": [12.5, 4, 13, 4.125], "texture": "#1"},
				"east": {"uv": [10.25, 5.25, 10.375, 5.375], "texture": "#1"},
				"south": {"uv": [12.5, 4.125, 13, 4.25], "texture": "#1"},
				"west": {"uv": [10.5, 5.25, 10.625, 5.375], "texture": "#1"},
				"up": {"uv": [13, 4.375, 12.5, 4.25], "texture": "#1"},
				"down": {"uv": [13, 4.375, 12.5, 4.5], "texture": "#1"}
			}
		}
	],
	"display": {
		"thirdperson_righthand": {
			"scale": [0.73, 0.73, 0.73]
		},
		"thirdperson_lefthand": {
			"scale": [0.73, 0.73, 0.73]
		},
		"firstperson_righthand": {
			"scale": [0.73, 0.73, 0.73]
		},
		"firstperson_lefthand": {
			"scale": [0.73, 0.73, 0.73]
		},
		"ground": {
			"translation": [0, -2.75, 0]
		},
		"gui": {
			"rotation": [26, 31, 0],
			"scale": [0.91, 0.91, 0.91]
		},
		"head": {
			"translation": [0, 4.5, 0],
			"scale": [1.6, 1.6, 1.6]
		},
		"fixed": {
			"rotation": [-90, 0, 0],
			"scale": [1.36, 1.36, 1.36]
		}
	},
	"groups": [
		{
			"name": "base",
			"origin": [0, 0, 0],
			"color": 0,
			"children": [0, 1, 2, 3, 4, 5, 6, 7, 8, 9, 10, 11, 12, 13, 14, 15, 16, 17, 18]
		},
		{
			"name": "spots",
			"origin": [0, 0, 0],
			"color": 0,
			"children": [19, 20, 21, 22, 23, 24, 25, 26, 27, 28, 29, 30, 31, 32, 33, 34, 35, 36, 37]
		}
	]
}