{
	"credit": "Made with Blockbench",
	"texture_size": [64, 64],
	"textures": {
		"0": "block/custom/robot_hat",
		"particle": "block/custom/robot_hat"
	},
	"elements": [
		{
			"from": [3.8, 7.8, 0.8],
			"to": [12.2, 9.2, 12.2],
			"faces": {
				"north": {"uv": [2.75, 2.75, 4.75, 3], "texture": "#0"},
				"east": {"uv": [0, 2.75, 2.75, 3], "texture": "#0"},
				"south": {"uv": [7.5, 2.75, 9.5, 3], "texture": "#0"},
				"west": {"uv": [4.75, 2.75, 7.5, 3], "texture": "#0"},
				"up": {"uv": [4.75, 2.75, 2.75, 0], "texture": "#0"},
				"down": {"uv": [6.75, 0, 4.75, 2.75], "texture": "#0"}
			}
		},
		{
			"from": [3.7, 7.7, 3.7],
			"to": [12.3, 13.3, 12.3],
			"faces": {
				"north": {"uv": [2, 5, 4, 6.25], "texture": "#0"},
				"east": {"uv": [0, 5, 2, 6.25], "texture": "#0"},
				"south": {"uv": [6, 5, 8, 6.25], "texture": "#0"},
				"west": {"uv": [4, 5, 6, 6.25], "texture": "#0"},
				"up": {"uv": [4, 5, 2, 3], "texture": "#0"},
				"down": {"uv": [6, 3, 4, 5], "texture": "#0"}
			}
		},
		{
			"from": [12, 5, 7],
			"to": [14, 8, 10],
			"faces": {
				"north": {"uv": [6.75, 3.75, 7.25, 4.5], "texture": "#0"},
				"east": {"uv": [6, 3.75, 6.75, 4.5], "texture": "#0"},
				"south": {"uv": [8, 3.75, 8.5, 4.5], "texture": "#0"},
				"west": {"uv": [7.25, 3.75, 8, 4.5], "texture": "#0"},
				"up": {"uv": [7.25, 3.75, 6.75, 3], "texture": "#0"},
				"down": {"uv": [7.75, 3, 7.25, 3.75], "texture": "#0"}
			}
		},
		{
			"from": [2, 5, 7],
			"to": [4, 8, 10],
			"faces": {
				"north": {"uv": [0.75, 0.75, 1.25, 1.5], "texture": "#0"},
				"east": {"uv": [0, 0.75, 0.75, 1.5], "texture": "#0"},
				"south": {"uv": [2, 0.75, 2.5, 1.5], "texture": "#0"},
				"west": {"uv": [1.25, 0.75, 2, 1.5], "texture": "#0"},
				"up": {"uv": [1.25, 0.75, 0.75, 0], "texture": "#0"},
				"down": {"uv": [1.75, 0, 1.25, 0.75], "texture": "#0"}
			}
		},
		{
			"from": [2.5, 8, 9],
			"to": [3.5, 16, 10],
			"rotation": {"angle": 22.5, "axis": "x", "origin": [3, 11.5, 8.5]},
			"faces": {
				"north": {"uv": [0.25, 6.5, 0.5, 8.5], "texture": "#0"},
				"east": {"uv": [0, 6.5, 0.25, 8.5], "texture": "#0"},
				"south": {"uv": [0.75, 6.5, 1, 8.5], "texture": "#0"},
				"west": {"uv": [0.5, 6.5, 0.75, 8.5], "texture": "#0"},
				"up": {"uv": [0.5, 6.5, 0.25, 6.25], "texture": "#0"},
				"down": {"uv": [0.75, 6.25, 0.5, 6.5], "texture": "#0"}
			}
		},
		{
			"from": [12.5, 8, 9],
			"to": [13.5, 16, 10],
			"rotation": {"angle": 22.5, "axis": "x", "origin": [13, 11.5, 8.5]},
			"faces": {
				"north": {"uv": [1.25, 6.5, 1.5, 8.5], "texture": "#0"},
				"east": {"uv": [1, 6.5, 1.25, 8.5], "texture": "#0"},
				"south": {"uv": [1.75, 6.5, 2, 8.5], "texture": "#0"},
				"west": {"uv": [1.5, 6.5, 1.75, 8.5], "texture": "#0"},
				"up": {"uv": [1.5, 6.5, 1.25, 6.25], "texture": "#0"},
				"down": {"uv": [1.75, 6.25, 1.5, 6.5], "texture": "#0"}
			}
		}
	],
	"display": {
		"thirdperson_righthand": {
			"scale": [0.7, 0.7, 0.7]
		},
		"gui": {
			"rotation": [7, 150, 11],
			"translation": [0, -1.25, 0]
		},
		"head": {
			"translation": [0, 2.25, 0],
			"scale": [1.8, 1.8, 1.8]
		}
	}
}