{
	"credit": "Made with Blockbench",
	"texture_size": [64, 64],
	"textures": {
		"0": "block/custom/slugcat",
		"particle": "block/custom/slugcat"
	},
	"elements": [
		{
			"from": [3.65, 10.15, -12.1],
			"to": [9.85, 15.35, -6.9],
			"rotation": {"angle": 0, "axis": "y", "origin": [3.75, 2.25, -12]},
			"faces": {
				"north": {"uv": [2.5, 3.5, 4, 4.75], "texture": "#0"},
				"east": {"uv": [6, 0, 7.25, 1.25], "texture": "#0"},
				"south": {"uv": [0, 4, 1.5, 5.25], "texture": "#0"},
				"west": {"uv": [6, 5.25, 7.25, 6.5], "texture": "#0"},
				"up": {"uv": [5.5, 2.75, 4, 1.5], "texture": "#0"},
				"down": {"uv": [5.5, 2.75, 4, 4], "texture": "#0"}
			}
		},
		{
			"from": [4, 10.25, -7],
			"to": [9.5, 15, -3],
			"rotation": {"angle": 0, "axis": "y", "origin": [3.75, 2.25, -7]},
			"faces": {
				"north": {"uv": [1.5, 4.75, 2.875, 6], "texture": "#0"},
				"east": {"uv": [6.75, 3.75, 7.75, 5], "texture": "#0"},
				"south": {"uv": [0, 5.25, 1.375, 6.5], "texture": "#0"},
				"west": {"uv": [6.75, 6.5, 7.75, 7.75], "texture": "#0"},
				"up": {"uv": [5.125, 7.5, 3.75, 6.5], "texture": "#0"},
				"down": {"uv": [6.625, 6.5, 5.25, 7.5], "texture": "#0"}
			}
		},
		{
			"from": [9, 10.25, -6.5],
			"to": [12, 12, -4.5],
			"rotation": {"angle": -22.5, "axis": "z", "origin": [10.5, 11.125, -5.5]},
			"faces": {
				"north": {"uv": [3, 1.5, 3.75, 2], "texture": "#0"},
				"east": {"uv": [6.75, 8.25, 7.25, 8.75], "texture": "#0"},
				"south": {"uv": [3, 4.75, 3.75, 5.25], "texture": "#0"},
				"west": {"uv": [7.25, 8.25, 7.75, 8.75], "texture": "#0"},
				"up": {"uv": [6, 8.5, 5.25, 8], "texture": "#0"},
				"down": {"uv": [8.75, 5.5, 8, 6], "texture": "#0"}
			}
		},
		{
			"from": [11.525, 9.525, -6.6],
			"to": [13.475, 11.725, -4.4],
			"rotation": {"angle": 22.5, "axis": "z", "origin": [12.5, 10.125, -5.5]},
			"faces": {
				"north": {"uv": [8.25, 7.5, 8.75, 8], "texture": "#0"},
				"east": {"uv": [8.25, 8, 8.75, 8.5], "texture": "#0"},
				"south": {"uv": [8.5, 0, 9, 0.5], "texture": "#0"},
				"west": {"uv": [8.5, 0.5, 9, 1], "texture": "#0"},
				"up": {"uv": [1.5, 9, 1, 8.5], "texture": "#0"},
				"down": {"uv": [2, 8.5, 1.5, 9], "texture": "#0"}
			}
		},
		{
			"from": [11.76734, 6.16427, -0.6],
			"to": [13.71734, 8.36427, 1.6],
			"rotation": {"angle": 22.5, "axis": "z", "origin": [6.80866, 11.23097, 0.25]},
			"faces": {
				"north": {"uv": [3, 8.75, 3.5, 9.25], "texture": "#0"},
				"east": {"uv": [8.75, 5.25, 9.25, 5.75], "texture": "#0"},
				"south": {"uv": [6, 8.75, 6.5, 9.25], "texture": "#0"},
				"west": {"uv": [6.5, 8.75, 7, 9.25], "texture": "#0"},
				"up": {"uv": [7.5, 9.25, 7, 8.75], "texture": "#0"},
				"down": {"uv": [9.25, 7.5, 8.75, 8], "texture": "#0"}
			}
		},
		{
			"from": [8.75957, 11.67068, -0.5],
			"to": [13.75957, 13.42068, 1.5],
			"rotation": {"angle": -22.5, "axis": "z", "origin": [6.80866, 11.23097, 0.25]},
			"faces": {
				"north": {"uv": [7, 3.25, 8.25, 3.75], "texture": "#0"},
				"east": {"uv": [7.75, 8.5, 8.25, 9], "texture": "#0"},
				"south": {"uv": [7.25, 6, 8.5, 6.5], "texture": "#0"},
				"west": {"uv": [8.25, 8.5, 8.75, 9], "texture": "#0"},
				"up": {"uv": [6.5, 8, 5.25, 7.5], "texture": "#0"},
				"down": {"uv": [9, 3.75, 7.75, 4.25], "texture": "#0"}
			}
		},
		{
			"from": [0.525, 9.525, -6.6],
			"to": [2.475, 11.725, -4.4],
			"rotation": {"angle": -22.5, "axis": "z", "origin": [1.5, 11.125, -5.5]},
			"faces": {
				"north": {"uv": [4, 8.5, 4.5, 9], "texture": "#0"},
				"east": {"uv": [4.5, 8.5, 5, 9], "texture": "#0"},
				"south": {"uv": [8.5, 4.75, 9, 5.25], "texture": "#0"},
				"west": {"uv": [5, 8.5, 5.5, 9], "texture": "#0"},
				"up": {"uv": [6, 9, 5.5, 8.5], "texture": "#0"},
				"down": {"uv": [9, 6, 8.5, 6.5], "texture": "#0"}
			}
		},
		{
			"from": [1.5, 10.25, -6.5],
			"to": [4.5, 12, -4.5],
			"rotation": {"angle": 22.5, "axis": "z", "origin": [3, 11.125, -5.5]},
			"faces": {
				"north": {"uv": [8.25, 1, 9, 1.5], "texture": "#0"},
				"east": {"uv": [2, 8.5, 2.5, 9], "texture": "#0"},
				"south": {"uv": [8.25, 1.5, 9, 2], "texture": "#0"},
				"west": {"uv": [3.5, 8.5, 4, 9], "texture": "#0"},
				"up": {"uv": [9, 2.5, 8.25, 2], "texture": "#0"},
				"down": {"uv": [9, 2.5, 8.25, 3], "texture": "#0"}
			}
		},
		{
			"from": [-0.25064, 11.71558, -0.5],
			"to": [4.74936, 13.46558, 1.5],
			"rotation": {"angle": 22.5, "axis": "z", "origin": [6.80866, 11.23097, 0.25]},
			"faces": {
				"north": {"uv": [7.75, 4.25, 9, 4.75], "texture": "#0"},
				"east": {"uv": [1, 9, 1.5, 9.5], "texture": "#0"},
				"south": {"uv": [6.5, 7.75, 7.75, 8.25], "texture": "#0"},
				"west": {"uv": [9, 1, 9.5, 1.5], "texture": "#0"},
				"up": {"uv": [9, 7, 7.75, 6.5], "texture": "#0"},
				"down": {"uv": [9, 7, 7.75, 7.5], "texture": "#0"}
			}
		},
		{
			"from": [-0.12916, 6.2346, -0.6],
			"to": [1.82084, 8.4346, 1.6],
			"rotation": {"angle": -22.5, "axis": "z", "origin": [6.80866, 11.23097, 0.25]},
			"faces": {
				"north": {"uv": [8.75, 8, 9.25, 8.5], "texture": "#0"},
				"east": {"uv": [8.75, 8.5, 9.25, 9], "texture": "#0"},
				"south": {"uv": [0, 9, 0.5, 9.5], "texture": "#0"},
				"west": {"uv": [9, 0, 9.5, 0.5], "texture": "#0"},
				"up": {"uv": [1, 9.5, 0.5, 9], "texture": "#0"},
				"down": {"uv": [9.5, 0.5, 9, 1], "texture": "#0"}
			}
		},
		{
			"from": [4, 3.86764, 1.38236],
			"to": [9.5, 11.86764, 6.13236],
			"rotation": {"angle": -22.5, "axis": "x", "origin": [6.75, 7.86764, 3.75736]},
			"faces": {
				"north": {"uv": [0, 0, 1.375, 2], "texture": "#0"},
				"east": {"uv": [0, 2, 1.25, 4], "texture": "#0"},
				"south": {"uv": [1.5, 0, 2.875, 2], "texture": "#0"},
				"west": {"uv": [1.25, 2, 2.5, 4], "texture": "#0"},
				"up": {"uv": [4.375, 6.5, 3, 5.25], "texture": "#0"},
				"down": {"uv": [5.875, 5.25, 4.5, 6.5], "texture": "#0"}
			}
		},
		{
			"from": [4.5, -1.375, 3.875],
			"to": [9, 4.625, 7.625],
			"rotation": {"angle": -22.5, "axis": "x", "origin": [6.75, 2.625, 5.75]},
			"faces": {
				"north": {"uv": [5.5, 3.75, 6.625, 5.25], "texture": "#0"},
				"east": {"uv": [0, 6.5, 1, 8], "texture": "#0"},
				"south": {"uv": [1.5, 6, 2.625, 7.5], "texture": "#0"},
				"west": {"uv": [2.75, 6.5, 3.75, 8], "texture": "#0"},
				"up": {"uv": [8.125, 2.25, 7, 1.25], "texture": "#0"},
				"down": {"uv": [8.125, 2.25, 7, 3.25], "texture": "#0"}
			}
		},
		{
			"from": [5.5, -4.875, 6.375],
			"to": [8, -0.875, 8.125],
			"rotation": {"angle": 0, "axis": "x", "origin": [6.75, 3.125, 7.25]},
			"faces": {
				"north": {"uv": [3.75, 7.5, 4.375, 8.5], "texture": "#0"},
				"east": {"uv": [0.5, 8, 1, 9], "texture": "#0"},
				"south": {"uv": [4.5, 7.5, 5.125, 8.5], "texture": "#0"},
				"west": {"uv": [2.5, 8, 3, 9], "texture": "#0"},
				"up": {"uv": [8.875, 3.5, 8.25, 3], "texture": "#0"},
				"down": {"uv": [6.625, 8.25, 6, 8.75], "texture": "#0"}
			}
		},
		{
			"from": [3.9, 9.4, -4.1],
			"to": [9.6, 14.35, 2.1],
			"rotation": {"angle": 22.5, "axis": "x", "origin": [6.80866, 10.48097, -0.75]},
			"faces": {
				"north": {"uv": [5.5, 1.25, 6.875, 2.5], "texture": "#0"},
				"east": {"uv": [4, 4, 5.5, 5.25], "texture": "#0"},
				"south": {"uv": [5.5, 2.5, 6.875, 3.75], "texture": "#0"},
				"west": {"uv": [4.5, 0, 6, 1.25], "texture": "#0"},
				"up": {"uv": [3.875, 3.5, 2.5, 2], "texture": "#0"},
				"down": {"uv": [4.375, 0, 3, 1.5], "texture": "#0"}
			}
		},
		{
			"from": [7.75, 14.25, -10],
			"to": [9.75, 18, -7],
			"rotation": {"angle": 22.5, "axis": "x", "origin": [8.75, 16.25, -8.5]},
			"faces": {
				"north": {"uv": [0, 8, 0.5, 9], "texture": "#0"},
				"east": {"uv": [1, 7.5, 1.75, 8.5], "texture": "#0"},
				"south": {"uv": [8, 0, 8.5, 1], "texture": "#0"},
				"west": {"uv": [1.75, 7.5, 2.5, 8.5], "texture": "#0"},
				"up": {"uv": [3.5, 8.75, 3, 8], "texture": "#0"},
				"down": {"uv": [8.5, 4.75, 8, 5.5], "texture": "#0"}
			}
		},
		{
			"from": [3.75, 14.25, -10],
			"to": [5.75, 18, -7],
			"rotation": {"angle": 22.5, "axis": "x", "origin": [4.75, 16.25, -8.5]},
			"faces": {
				"north": {"uv": [1, 6.5, 1.5, 7.5], "texture": "#0"},
				"east": {"uv": [7.25, 0, 8, 1], "texture": "#0"},
				"south": {"uv": [7.75, 7.5, 8.25, 8.5], "texture": "#0"},
				"west": {"uv": [7.25, 5, 8, 6], "texture": "#0"},
				"up": {"uv": [2, 4.75, 1.5, 4], "texture": "#0"},
				"down": {"uv": [2.5, 4, 2, 4.75], "texture": "#0"}
			}
		},
		{
			"from": [3.75, 17.5, -8.5],
			"to": [5.75, 18, -7.25],
			"rotation": {"angle": 22.5, "axis": "x", "origin": [4.75, 19.5, -7]},
			"faces": {
				"north": {"uv": [1, 6.5, 1.5, 7.5], "texture": "#0"},
				"east": {"uv": [7.25, 0, 8, 1], "texture": "#0"},
				"south": {"uv": [7.75, 7.5, 8.25, 8.5], "texture": "#0"},
				"west": {"uv": [7.25, 5, 8, 6], "texture": "#0"},
				"up": {"uv": [2, 4.75, 1.5, 4], "texture": "#0"},
				"down": {"uv": [2.5, 4, 2, 4.75], "texture": "#0"}
			}
		},
		{
			"from": [7.75, 17.5, -8.5],
			"to": [9.75, 18, -7.25],
			"rotation": {"angle": 22.5, "axis": "x", "origin": [8.75, 19.5, -7]},
			"faces": {
				"north": {"uv": [1, 6.5, 1.5, 7.5], "texture": "#0"},
				"east": {"uv": [7.25, 0, 8, 1], "texture": "#0"},
				"south": {"uv": [7.75, 7.5, 8.25, 8.5], "texture": "#0"},
				"west": {"uv": [7.25, 5, 8, 6], "texture": "#0"},
				"up": {"uv": [2, 4.75, 1.5, 4], "texture": "#0"},
				"down": {"uv": [2.5, 4, 2, 4.75], "texture": "#0"}
			}
		}
	],
	"display": {
		"thirdperson_righthand": {
			"rotation": [0, -180, 0],
			"translation": [-1, -0.75, -4.5],
			"scale": [0.59, 0.59, 0.59]
		},
		"thirdperson_lefthand": {
			"rotation": [0, -180, 0],
			"translation": [-1, -0.75, -4.5],
			"scale": [0.59, 0.59, 0.59]
		},
		"firstperson_righthand": {
			"rotation": [-16, 141, -9],
			"translation": [2, 1.5, -1],
			"scale": [0.52, 0.52, 0.52]
		},
		"firstperson_lefthand": {
			"rotation": [-16, 141, -9],
			"translation": [2, 1.5, -1],
			"scale": [0.52, 0.52, 0.52]
		},
		"ground": {
			"rotation": [-147.98, 24.32, 163.85],
			"translation": [0, 2, 0],
			"scale": [0.52, 0.52, 0.52]
		},
		"gui": {
			"rotation": [-155.75, 29, -180],
			"translation": [3, 3.5, 0],
			"scale": [0.77, 0.77, 0.77]
		},
		"head": {
			"translation": [1.25, 4.75, 10.5]
		},
		"fixed": {
			"rotation": [-91.75, 0, 0],
			"translation": [0, 21, 2.25]
		}
	},
	"groups": [
		0,
		1,
		2,
		3,
		4,
		5,
		6,
		7,
		8,
		9,
		10,
		11,
		12,
		13,
		{
			"name": "Ears",
			"origin": [9, 14, 11.5],
			"color": 0,
			"children": [14, 15, 16, 17]
		}
	]
}