{
	"credit": "Made with Blockbench",
	"texture_size": [192, 192],
	"textures": {
		"1": "block/custom/sniffer",
		"particle": "block/custom/sniffer"
	},
	"elements": [
		{
			"name": "body",
			"from": [-5, 8.25, -3.5],
			"to": [17, 26, 31.5],
			"rotation": {"angle": 0, "axis": "y", "origin": [8, 0, 17]},
			"faces": {
				"north": {"uv": [8.5, 3.33333, 10.58333, 5.33333], "texture": "#1"},
				"east": {"uv": [5.16667, 3.33333, 8.5, 5.33333], "texture": "#1"},
				"south": {"uv": [13.91667, 3.33333, 16, 5.33333], "texture": "#1"},
				"west": {"uv": [10.58333, 3.33333, 13.91667, 5.33333], "texture": "#1"},
				"up": {"uv": [10.58333, 3.33333, 8.5, 0], "texture": "#1"},
				"down": {"uv": [12.66667, 0, 10.58333, 3.33333], "texture": "#1"}
			}
		},
		{
			"name": "body",
			"from": [-4.5, 4.25, -3],
			"to": [16.5, 26, 31],
			"rotation": {"angle": 0, "axis": "y", "origin": [8, 0, 17]},
			"faces": {
				"north": {"uv": [8.5, 9, 10.58333, 11.41667], "texture": "#1"},
				"east": {"uv": [5.16667, 9, 8.5, 11.41667], "texture": "#1"},
				"south": {"uv": [13.91667, 9, 16, 11.41667], "texture": "#1"},
				"west": {"uv": [10.58333, 9, 13.91667, 11.41667], "texture": "#1"},
				"up": {"uv": [7.91667, 9, 5.83333, 5.66667], "texture": "#1"},
				"down": {"uv": [12.58333, 5.66667, 10.5, 9], "texture": "#1"}
			}
		},
		{
			"name": "body",
			"from": [-4.5, 6, -3],
			"to": [16.5, 6, 31],
			"rotation": {"angle": 0, "axis": "y", "origin": [8, 0, 17]},
			"faces": {
				"north": {"uv": [10.58333, 9, 12.66667, 9], "texture": "#1"},
				"east": {"uv": [7.25, 9, 10.58333, 9], "texture": "#1"},
				"south": {"uv": [16, 9, 18.08333, 9], "texture": "#1"},
				"west": {"uv": [12.66667, 9, 16, 9], "texture": "#1"},
				"up": {"uv": [12.66667, 9, 10.58333, 5.66667], "texture": "#1"},
				"down": {"uv": [14.75, 5.66667, 12.66667, 9], "texture": "#1"}
			}
		},
		{
			"name": "head",
			"from": [1.4, 4.9, -10.1],
			"to": [10.6, 17.1, -2.9],
			"rotation": {"angle": 0, "axis": "y", "origin": [8, 0, 14]},
			"faces": {
				"north": {"uv": [1.58333, 2.16667, 2.66667, 3.66667], "texture": "#1"},
				"east": {"uv": [0.66667, 2.16667, 1.58333, 3.66667], "texture": "#1"},
				"south": {"uv": [3.58333, 2.16667, 4.66667, 3.66667], "texture": "#1"},
				"west": {"uv": [2.66667, 2.16667, 3.58333, 3.66667], "texture": "#1"},
				"up": {"uv": [2.66667, 2.16667, 1.58333, 1.25], "texture": "#1"},
				"down": {"uv": [3.75, 1.25, 2.66667, 2.16667], "texture": "#1"}
			}
		},
		{
			"name": "head",
			"from": [1.5, 7, -10],
			"to": [10.5, 10, -3],
			"rotation": {"angle": 0, "axis": "y", "origin": [8, 3, 14]},
			"faces": {
				"north": {"uv": [1.58333, 1.25, 2.66667, 1.25], "texture": "#1"},
				"east": {"uv": [0.66667, 1.25, 1.58333, 1.25], "texture": "#1"},
				"south": {"uv": [3.58333, 1.25, 4.66667, 1.25], "texture": "#1"},
				"west": {"uv": [2.66667, 1.25, 3.58333, 1.25], "texture": "#1"},
				"up": {"uv": [2.66667, 1.25, 1.58333, 0.33333], "texture": "#1"},
				"down": {"uv": [3.75, 0.33333, 2.66667, 1.25], "texture": "#1"}
			}
		},
		{
			"name": "left_ear",
			"from": [0.6, 2, -6],
			"to": [1.6, 17, -3],
			"rotation": {"angle": 0, "axis": "y", "origin": [12, 0, 18]},
			"faces": {
				"north": {"uv": [0.75, 0.58333, 0.83333, 2.16667], "texture": "#1"},
				"east": {"uv": [0.16667, 0.58333, 0.75, 2.16667], "texture": "#1"},
				"south": {"uv": [1.41667, 0.58333, 1.5, 2.16667], "texture": "#1"},
				"west": {"uv": [0.83333, 0.58333, 1.41667, 2.16667], "texture": "#1"},
				"up": {"uv": [0.83333, 0.58333, 0.75, 0], "texture": "#1"},
				"down": {"uv": [0.91667, 0, 0.83333, 0.58333], "texture": "#1"}
			}
		},
		{
			"name": "right_ear",
			"from": [10.4, 2, -7],
			"to": [11.4, 17, -4],
			"rotation": {"angle": 0, "axis": "y", "origin": [7, 0, 17]},
			"faces": {
				"north": {"uv": [4.58333, 0.58333, 4.66667, 2.16667], "texture": "#1"},
				"east": {"uv": [4, 0.58333, 4.58333, 2.16667], "texture": "#1"},
				"south": {"uv": [5.25, 0.58333, 5.33333, 2.16667], "texture": "#1"},
				"west": {"uv": [4.66667, 0.58333, 5.25, 2.16667], "texture": "#1"},
				"up": {"uv": [4.66667, 0.58333, 4.58333, 0], "texture": "#1"},
				"down": {"uv": [4.75, 0, 4.66667, 0.58333], "texture": "#1"}
			}
		},
		{
			"name": "nose",
			"from": [1.5, 15, -15],
			"to": [10.5, 16, -10],
			"rotation": {"angle": 0, "axis": "y", "origin": [8, -2, 9]},
			"faces": {
				"north": {"uv": [1.58333, 4.5, 2.66667, 4.66667], "texture": "#1"},
				"east": {"uv": [0.83333, 4.5, 1.58333, 4.66667], "texture": "#1"},
				"south": {"uv": [3.41667, 4.5, 4.5, 4.66667], "texture": "#1"},
				"west": {"uv": [2.66667, 4.5, 3.41667, 4.66667], "texture": "#1"},
				"up": {"uv": [2.66667, 4.5, 1.58333, 3.75], "texture": "#1"},
				"down": {"uv": [3.75, 3.75, 2.66667, 4.5], "texture": "#1"}
			}
		},
		{
			"name": "lower_beak",
			"from": [1.5, 7, -15],
			"to": [10.5, 15, -10],
			"rotation": {"angle": 0, "axis": "y", "origin": [8, 1, 9]},
			"faces": {
				"north": {"uv": [1.58333, 5.5, 2.66667, 6.5], "texture": "#1"},
				"east": {"uv": [0.83333, 5.5, 1.58333, 6.5], "texture": "#1"},
				"south": {"uv": [3.41667, 5.5, 4.5, 6.5], "texture": "#1"},
				"west": {"uv": [2.66667, 5.5, 3.41667, 6.5], "texture": "#1"},
				"up": {"uv": [2.66667, 5.5, 1.58333, 4.75], "texture": "#1"},
				"down": {"uv": [3.75, 4.75, 2.66667, 5.5], "texture": "#1"}
			}
		},
		{
			"name": "right_front_leg",
			"from": [16, 4, -2],
			"to": [22, 7, 2],
			"rotation": {"angle": 0, "axis": "z", "origin": [22, 0, 17]},
			"faces": {
				"north": {"uv": [3.33333, 7.91667, 3.91667, 8.75], "rotation": 90, "texture": "#1"},
				"east": {"uv": [4.5, 7.25, 3.91667, 7.91667], "rotation": 270, "texture": "#1"},
				"south": {"uv": [4.58333, 7.91667, 5.16667, 8.75], "rotation": 270, "texture": "#1"},
				"west": {"uv": [3.91667, 7.91667, 3.33333, 7.25], "rotation": 270, "texture": "#1"},
				"up": {"uv": [2.66667, 7.91667, 3.33333, 8.75], "rotation": 270, "texture": "#1"},
				"down": {"uv": [3.91667, 7.91667, 4.58333, 8.75], "rotation": 270, "texture": "#1"}
			}
		},
		{
			"name": "right_mid_leg",
			"from": [16, 4, 13],
			"to": [22, 7, 17],
			"rotation": {"angle": 0, "axis": "z", "origin": [22, 0, 17]},
			"faces": {
				"north": {"uv": [3.33333, 9.41667, 3.91667, 10.25], "rotation": 90, "texture": "#1"},
				"east": {"uv": [4.5, 8.75, 3.91667, 9.41667], "rotation": 270, "texture": "#1"},
				"south": {"uv": [4.58333, 9.41667, 5.16667, 10.25], "rotation": 270, "texture": "#1"},
				"west": {"uv": [3.91667, 9.41667, 3.33333, 8.75], "rotation": 270, "texture": "#1"},
				"up": {"uv": [2.66667, 9.41667, 3.33333, 10.25], "rotation": 270, "texture": "#1"},
				"down": {"uv": [3.91667, 9.41667, 4.58333, 10.25], "rotation": 270, "texture": "#1"}
			}
		},
		{
			"name": "right_hind_leg",
			"from": [16, 4, 25],
			"to": [22, 7, 29],
			"rotation": {"angle": 0, "axis": "z", "origin": [22, 0, 14]},
			"faces": {
				"north": {"uv": [3.33333, 10.91667, 3.91667, 11.75], "rotation": 90, "texture": "#1"},
				"east": {"uv": [4.5, 10.25, 3.91667, 10.91667], "rotation": 270, "texture": "#1"},
				"south": {"uv": [4.58333, 10.91667, 5.16667, 11.75], "rotation": 270, "texture": "#1"},
				"west": {"uv": [3.91667, 10.91667, 3.33333, 10.25], "rotation": 270, "texture": "#1"},
				"up": {"uv": [2.66667, 10.91667, 3.33333, 11.75], "rotation": 270, "texture": "#1"},
				"down": {"uv": [3.91667, 10.91667, 4.58333, 11.75], "rotation": 270, "texture": "#1"}
			}
		},
		{
			"name": "left_front_leg",
			"from": [-10, 5, -2],
			"to": [-4, 8, 2],
			"rotation": {"angle": 0, "axis": "z", "origin": [-10, -3, 17]},
			"faces": {
				"north": {"uv": [0.66667, 7.91667, 1.25, 8.75], "rotation": 270, "texture": "#1"},
				"east": {"uv": [1.25, 7.91667, 0.66667, 7.25], "rotation": 90, "texture": "#1"},
				"south": {"uv": [1.91667, 7.91667, 2.5, 8.75], "rotation": 90, "texture": "#1"},
				"west": {"uv": [1.83333, 7.25, 1.25, 7.91667], "rotation": 90, "texture": "#1"},
				"up": {"uv": [1.25, 7.91667, 1.91667, 8.75], "rotation": 90, "texture": "#1"},
				"down": {"uv": [0, 7.91667, 0.66667, 8.75], "rotation": 90, "texture": "#1"}
			}
		},
		{
			"name": "left_mid_leg",
			"from": [-10, 5, 13],
			"to": [-4, 8, 17],
			"rotation": {"angle": 0, "axis": "z", "origin": [-10, -3, 17]},
			"faces": {
				"north": {"uv": [0.66667, 9.41667, 1.25, 10.25], "rotation": 270, "texture": "#1"},
				"east": {"uv": [1.25, 9.41667, 0.66667, 8.75], "rotation": 90, "texture": "#1"},
				"south": {"uv": [1.91667, 9.41667, 2.5, 10.25], "rotation": 90, "texture": "#1"},
				"west": {"uv": [1.83333, 8.75, 1.25, 9.41667], "rotation": 90, "texture": "#1"},
				"up": {"uv": [1.25, 9.41667, 1.91667, 10.25], "rotation": 90, "texture": "#1"},
				"down": {"uv": [0, 9.41667, 0.66667, 10.25], "rotation": 90, "texture": "#1"}
			}
		},
		{
			"name": "left_hind_leg",
			"from": [-10, 5, 25],
			"to": [-4, 8, 29],
			"rotation": {"angle": 0, "axis": "z", "origin": [-10, -3, 14]},
			"faces": {
				"north": {"uv": [0.66667, 10.91667, 1.25, 11.75], "rotation": 270, "texture": "#1"},
				"east": {"uv": [1.25, 10.91667, 0.66667, 10.25], "rotation": 90, "texture": "#1"},
				"south": {"uv": [1.91667, 10.91667, 2.5, 11.75], "rotation": 90, "texture": "#1"},
				"west": {"uv": [1.83333, 10.25, 1.25, 10.91667], "rotation": 90, "texture": "#1"},
				"up": {"uv": [1.25, 10.91667, 1.91667, 11.75], "rotation": 90, "texture": "#1"},
				"down": {"uv": [0, 10.91667, 0.66667, 11.75], "rotation": 90, "texture": "#1"}
			}
		}
	],
	"display": {
		"thirdperson_righthand": {
			"rotation": [0, 180, 0],
			"translation": [0, 0, 4],
			"scale": [0.19, 0.19, 0.19]
		},
		"thirdperson_lefthand": {
			"rotation": [0, 180, 0],
			"translation": [0, 0, 4],
			"scale": [0.19, 0.19, 0.19]
		},
		"firstperson_righthand": {
			"rotation": [-27, 122, 0],
			"translation": [0, 0.75, 0],
			"scale": [0.35, 0.35, 0.35]
		},
		"firstperson_lefthand": {
			"rotation": [-27, 122, 0],
			"translation": [0, 0.75, 0],
			"scale": [0.35, 0.35, 0.35]
		},
		"ground": {
			"translation": [0, -1.5, 0],
			"scale": [0.35, 0.35, 0.35]
		},
		"gui": {
			"rotation": [29, 143, 0],
			"translation": [-1, -2, 0],
			"scale": [0.35, 0.35, 0.35]
		},
		"head": {
			"translation": [0.75, 7.25, -1.5],
			"scale": [0.35, 0.35, 0.35]
		},
		"fixed": {
			"rotation": [-90, 0, 0],
			"translation": [0, 0, -2],
			"scale": [0.35, 0.35, 0.35]
		}
	},
	"groups": [
		{
			"name": "bone",
			"origin": [8, 19, 8],
			"color": 0,
			"children": [
				{
					"name": "body",
					"origin": [8, 0, 8],
					"color": 0,
					"children": [
						0,
						1,
						2,
						{
							"name": "head",
							"origin": [8, 13.5, -11.4],
							"color": 0,
							"children": [
								3,
								4,
								{
									"name": "left_ear",
									"origin": [1.6, 21, -15.9],
									"color": 0,
									"children": [5]
								},
								{
									"name": "right_ear",
									"origin": [14.4, 21, -15.9],
									"color": 0,
									"children": [6]
								},
								{
									"name": "nose",
									"origin": [8, 18, -22.9],
									"color": 0,
									"children": [7]
								},
								{
									"name": "lower_beak",
									"origin": [8, 11, -23.9],
									"color": 0,
									"children": [8]
								}
							]
						}
					]
				},
				{
					"name": "right_front_leg",
					"origin": [15.5, 9, -7],
					"color": 0,
					"children": [9]
				},
				{
					"name": "right_mid_leg",
					"origin": [15.5, 9, 8],
					"color": 0,
					"children": [10]
				},
				{
					"name": "right_hind_leg",
					"origin": [15.5, 9, 23],
					"color": 0,
					"children": [11]
				},
				{
					"name": "left_front_leg",
					"origin": [0.5, 9, -7],
					"color": 0,
					"children": [12]
				},
				{
					"name": "left_mid_leg",
					"origin": [0.5, 9, 8],
					"color": 0,
					"children": [13]
				},
				{
					"name": "left_hind_leg",
					"origin": [0.5, 9, 23],
					"color": 0,
					"children": [14]
				}
			]
		}
	]
}