{
	"credit": "Made with Blockbench",
	"texture_size": [64, 64],
	"textures": {
		"0": "block/custom/straw_hat",
		"particle": "block/custom/straw_hat"
	},
	"elements": [
		{
			"from": [2, 8, 2],
			"to": [14, 9, 14],
			"rotation": {"angle": 0, "axis": "x", "origin": [8, 8.5, 8]},
			"faces": {
				"north": {"uv": [3, 3, 6, 3.25], "texture": "#0"},
				"east": {"uv": [0, 3, 3, 3.25], "texture": "#0"},
				"south": {"uv": [9, 3, 12, 3.25], "texture": "#0"},
				"west": {"uv": [6, 3, 9, 3.25], "texture": "#0"},
				"up": {"uv": [6, 3, 3, 0], "texture": "#0"},
				"down": {"uv": [9, 0, 6, 3], "texture": "#0"}
			}
		},
		{
			"from": [4, 9, 4],
			"to": [12, 13, 12],
			"rotation": {"angle": 0, "axis": "x", "origin": [8, 8.5, 8]},
			"faces": {
				"north": {"uv": [2, 5.25, 4, 6.25], "texture": "#0"},
				"east": {"uv": [0, 5.25, 2, 6.25], "texture": "#0"},
				"south": {"uv": [6, 5.25, 8, 6.25], "texture": "#0"},
				"west": {"uv": [4, 5.25, 6, 6.25], "texture": "#0"},
				"up": {"uv": [4, 5.25, 2, 3.25], "texture": "#0"},
				"down": {"uv": [6, 3.25, 4, 5.25], "texture": "#0"}
			}
		},
		{
			"from": [3.9, 8.9, 3.9],
			"to": [12.1, 10.1, 12.1],
			"rotation": {"angle": 0, "axis": "x", "origin": [8, 8.5, 8]},
			"faces": {
				"north": {"uv": [8, 6.25, 10, 6.5], "texture": "#0"},
				"east": {"uv": [6, 6.25, 8, 6.5], "texture": "#0"},
				"south": {"uv": [12, 6.25, 14, 6.5], "texture": "#0"},
				"west": {"uv": [10, 6.25, 12, 6.5], "texture": "#0"},
				"up": {"uv": [10, 6.25, 8, 4.25], "texture": "#0"},
				"down": {"uv": [12, 4.25, 10, 6.25], "texture": "#0"}
			}
		},
		{
			"from": [1, 8, 3],
			"to": [2, 9, 13],
			"faces": {
				"north": {"uv": [12.5, 12.25, 12.75, 12.5], "texture": "#0"},
				"east": {"uv": [10, 12.25, 12.5, 12.5], "texture": "#0"},
				"south": {"uv": [15.25, 12.25, 15.5, 12.5], "texture": "#0"},
				"west": {"uv": [12.75, 12.25, 15.25, 12.5], "texture": "#0"},
				"up": {"uv": [12.75, 12.25, 12.5, 9.75], "texture": "#0"},
				"down": {"uv": [13, 9.75, 12.75, 12.25], "texture": "#0"}
			}
		},
		{
			"from": [14, 8, 3],
			"to": [15, 9, 13],
			"faces": {
				"north": {"uv": [8, 15.5, 8.25, 15.75], "texture": "#0"},
				"east": {"uv": [5.5, 15.5, 8, 15.75], "texture": "#0"},
				"south": {"uv": [10.75, 15.5, 11, 15.75], "texture": "#0"},
				"west": {"uv": [8.25, 15.5, 10.75, 15.75], "texture": "#0"},
				"up": {"uv": [8.25, 15.5, 8, 13], "texture": "#0"},
				"down": {"uv": [8.5, 13, 8.25, 15.5], "texture": "#0"}
			}
		},
		{
			"from": [3, 8, 1],
			"to": [13, 9, 2],
			"faces": {
				"north": {"uv": [0.25, 11.25, 2.75, 11.5], "texture": "#0"},
				"east": {"uv": [0, 11.25, 0.25, 11.5], "texture": "#0"},
				"south": {"uv": [3, 11.25, 5.5, 11.5], "texture": "#0"},
				"west": {"uv": [2.75, 11.25, 3, 11.5], "texture": "#0"},
				"up": {"uv": [2.75, 11.25, 0.25, 11], "texture": "#0"},
				"down": {"uv": [5.25, 11, 2.75, 11.25], "texture": "#0"}
			}
		},
		{
			"from": [3, 8, 14],
			"to": [13, 9, 15],
			"faces": {
				"north": {"uv": [0.25, 7, 2.75, 7.25], "texture": "#0"},
				"east": {"uv": [0, 7, 0.25, 7.25], "texture": "#0"},
				"south": {"uv": [3, 7, 5.5, 7.25], "texture": "#0"},
				"west": {"uv": [2.75, 7, 3, 7.25], "texture": "#0"},
				"up": {"uv": [2.75, 7, 0.25, 6.75], "texture": "#0"},
				"down": {"uv": [5.25, 6.75, 2.75, 7], "texture": "#0"}
			}
		}
	],
	"display": {
		"gui": {
			"rotation": [0, 51, 52]
		},
		"head": {
			"rotation": [7, 0, 0],
			"translation": [0, 5, 0],
			"scale": [1.6, 1.6, 1.6]
		}
	}
}