{
	"credit": "Made with Blockbench",
	"texture_size": [64, 128],
	"textures": {
		"1": "block/custom/witchy"
	},
	"elements": [
		{
			"name": "hat",
			"from": [3, 18, 3],
			"to": [13, 20, 13],
			"rotation": {"angle": 0, "axis": "y", "origin": [7.625, 22.625, 9.375]},
			"faces": {
				"north": {"uv": [2.5, 9.25, 5, 9.5], "texture": "#1"},
				"east": {"uv": [0, 9.25, 2.5, 9.5], "texture": "#1"},
				"south": {"uv": [7.5, 9.25, 10, 9.5], "texture": "#1"},
				"west": {"uv": [5, 9.25, 7.5, 9.5], "texture": "#1"},
				"up": {"uv": [5, 9.25, 2.5, 8], "texture": "#1"},
				"down": {"uv": [7.5, 8, 5, 9.25], "texture": "#1"}
			}
		},
		{
			"name": "hat2",
			"from": [4.25, 18.46221, 5.55317],
			"to": [11.25, 22.46221, 12.55317],
			"rotation": {"angle": 22.5, "axis": "x", "origin": [7.625, 22.625, 9.375]},
			"faces": {
				"north": {"uv": [1.75, 10.375, 3.5, 10.875], "texture": "#1"},
				"east": {"uv": [0, 10.375, 1.75, 10.875], "texture": "#1"},
				"south": {"uv": [5.25, 10.375, 7, 10.875], "texture": "#1"},
				"west": {"uv": [3.5, 10.375, 5.25, 10.875], "texture": "#1"},
				"up": {"uv": [3.5, 10.375, 1.75, 9.5], "texture": "#1"},
				"down": {"uv": [5.25, 9.5, 3.5, 10.375], "texture": "#1"}
			}
		},
		{
			"name": "hat3",
			"from": [5.75, 21.8475, 6.73333],
			"to": [9.75, 25.8475, 10.73333],
			"rotation": {"angle": 22.5, "axis": "x", "origin": [7.625, 22.625, 9.375]},
			"faces": {
				"north": {"uv": [1, 11.375, 2, 11.875], "texture": "#1"},
				"east": {"uv": [0, 11.375, 1, 11.875], "texture": "#1"},
				"south": {"uv": [3, 11.375, 4, 11.875], "texture": "#1"},
				"west": {"uv": [2, 11.375, 3, 11.875], "texture": "#1"},
				"up": {"uv": [2, 11.375, 1, 10.875], "texture": "#1"},
				"down": {"uv": [3, 10.875, 2, 11.375], "texture": "#1"}
			}
		},
		{
			"name": "hat4",
			"from": [6.5, 25.25025, 8.50811],
			"to": [8, 27.75025, 10.00811],
			"rotation": {"angle": 22.5, "axis": "x", "origin": [7.625, 22.625, 9.375]},
			"faces": {
				"north": {"uv": [0.25, 12, 0.5, 12.25], "texture": "#1"},
				"east": {"uv": [0, 12, 0.25, 12.25], "texture": "#1"},
				"south": {"uv": [0.75, 12, 1, 12.25], "texture": "#1"},
				"west": {"uv": [0.5, 12, 0.75, 12.25], "texture": "#1"},
				"up": {"uv": [0.5, 12, 0.25, 11.875], "texture": "#1"},
				"down": {"uv": [0.75, 11.875, 0.5, 12], "texture": "#1"}
			}
		}
	],
	"display": {
		"thirdperson_righthand": {
			"translation": [0, -10, 0]
		},
		"thirdperson_lefthand": {
			"translation": [0, -10, 0]
		},
		"firstperson_righthand": {
			"rotation": [-180, 62.5, -180],
			"translation": [2.5, -7, -0.75],
			"scale": [0.68, 0.68, 0.68]
		},
		"firstperson_lefthand": {
			"rotation": [-180, 62.5, -180],
			"translation": [0.25, -5.25, 2],
			"scale": [0.68, 0.68, 0.68]
		},
		"ground": {
			"translation": [0, -14.75, 0]
		},
		"gui": {
			"rotation": [-151.5, 33.75, -180],
			"translation": [0, -11, 0],
			"scale": [1.03, 1.03, 1.03]
		},
		"head": {
			"translation": [0, -12.25, 0],
			"scale": [1.67, 1.67, 1.67]
		},
		"fixed": {
			"rotation": [-87.25, 0, 0],
			"translation": [0, -0.75, 16.5],
			"scale": [1.5, 1.5, 1.5]
		}
	},
	"groups": [
		{
			"name": "head",
			"origin": [8, 24, 8],
			"color": 0,
			"children": [
				{
					"name": "nose",
					"origin": [8, 0, 8],
					"color": 0,
					"children": []
				},
				{
					"name": "hat",
					"origin": [13, 32.03125, 3],
					"color": 0,
					"children": [
						0,
						{
							"name": "hat2",
							"origin": [6.25, 32, 10],
							"color": 0,
							"children": [
								1,
								{
									"name": "hat3",
									"origin": [6.25, 35, 10],
									"color": 0,
									"children": [
										2,
										{
											"name": "hat4",
											"origin": [6.25, 38, 10],
											"color": 0,
											"children": [3]
										}
									]
								}
							]
						}
					]
				}
			]
		},
		{
			"name": "body",
			"origin": [8, 0, 8],
			"color": 0,
			"children": []
		},
		{
			"name": "arms",
			"origin": [8, 22, 8],
			"color": 0,
			"children": []
		},
		{
			"name": "leg0",
			"origin": [10, 12, 8],
			"color": 0,
			"children": []
		},
		{
			"name": "leg1",
			"origin": [6, 12, 8],
			"color": 0,
			"children": []
		}
	]
}